,file,speaker,emotion
0,Ses01F_impro01,Ses01F_impro01_F000,neu
1,Ses01F_impro01,Ses01F_impro01_F001,neu
2,Ses01F_impro01,Ses01F_impro01_F002,neu
3,Ses01F_impro01,Ses01F_impro01_F003,xxx
4,Ses01F_impro01,Ses01F_impro01_F004,xxx
5,Ses01F_impro01,Ses01F_impro01_F005,neu
6,Ses01F_impro01,Ses01F_impro01_F006,fru
7,Ses01F_impro01,Ses01F_impro01_F007,fru
8,Ses01F_impro01,Ses01F_impro01_F008,fru
9,Ses01F_impro01,Ses01F_impro01_F009,fru
10,Ses01F_impro01,Ses01F_impro01_F010,xxx
11,Ses01F_impro01,Ses01F_impro01_F011,fru
12,Ses01F_impro01,Ses01F_impro01_F012,ang
13,Ses01F_impro01,Ses01F_impro01_F013,fru
14,Ses01F_impro01,Ses01F_impro01_F014,neu
15,Ses01F_impro01,Ses01F_impro01_F015,fru
16,Ses01F_impro01,Ses01F_impro01_M000,fru
17,Ses01F_impro01,Ses01F_impro01_M001,fru
18,Ses01F_impro01,Ses01F_impro01_M002,fru
19,Ses01F_impro01,Ses01F_impro01_M003,fru
20,Ses01F_impro01,Ses01F_impro01_M004,fru
21,Ses01F_impro01,Ses01F_impro01_M005,fru
22,Ses01F_impro01,Ses01F_impro01_M006,fru
23,Ses01F_impro01,Ses01F_impro01_M007,fru
24,Ses01F_impro01,Ses01F_impro01_M008,fru
25,Ses01F_impro01,Ses01F_impro01_M009,fru
26,Ses01F_impro01,Ses01F_impro01_M010,fru
27,Ses01F_impro01,Ses01F_impro01_M011,ang
28,Ses01F_impro01,Ses01F_impro01_M012,xxx
29,Ses01F_impro01,Ses01F_impro01_M013,ang
30,Ses01F_impro02,Ses01F_impro02_F000,sad
31,Ses01F_impro02,Ses01F_impro02_F001,sad
32,Ses01F_impro02,Ses01F_impro02_F002,sad
33,Ses01F_impro02,Ses01F_impro02_F003,neu
34,Ses01F_impro02,Ses01F_impro02_F004,sad
35,Ses01F_impro02,Ses01F_impro02_F005,sad
36,Ses01F_impro02,Ses01F_impro02_F006,neu
37,Ses01F_impro02,Ses01F_impro02_F007,xxx
38,Ses01F_impro02,Ses01F_impro02_F008,sad
39,Ses01F_impro02,Ses01F_impro02_F009,xxx
40,Ses01F_impro02,Ses01F_impro02_F010,sad
41,Ses01F_impro02,Ses01F_impro02_F011,xxx
42,Ses01F_impro02,Ses01F_impro02_F012,sad
43,Ses01F_impro02,Ses01F_impro02_F013,sad
44,Ses01F_impro02,Ses01F_impro02_F014,sad
45,Ses01F_impro02,Ses01F_impro02_F015,sad
46,Ses01F_impro02,Ses01F_impro02_F016,neu
47,Ses01F_impro02,Ses01F_impro02_F017,sad
48,Ses01F_impro02,Ses01F_impro02_F018,neu
49,Ses01F_impro02,Ses01F_impro02_F019,sad
50,Ses01F_impro02,Ses01F_impro02_F020,sad
51,Ses01F_impro02,Ses01F_impro02_M000,xxx
52,Ses01F_impro02,Ses01F_impro02_M001,sad
53,Ses01F_impro02,Ses01F_impro02_M002,xxx
54,Ses01F_impro02,Ses01F_impro02_M003,fru
55,Ses01F_impro02,Ses01F_impro02_M004,xxx
56,Ses01F_impro02,Ses01F_impro02_M005,sad
57,Ses01F_impro02,Ses01F_impro02_M006,xxx
58,Ses01F_impro02,Ses01F_impro02_M007,xxx
59,Ses01F_impro02,Ses01F_impro02_M008,fru
60,Ses01F_impro02,Ses01F_impro02_M009,sad
61,Ses01F_impro02,Ses01F_impro02_M010,sad
62,Ses01F_impro02,Ses01F_impro02_M011,sad
63,Ses01F_impro02,Ses01F_impro02_M012,neu
64,Ses01F_impro02,Ses01F_impro02_M013,sad
65,Ses01F_impro02,Ses01F_impro02_M014,sad
66,Ses01F_impro02,Ses01F_impro02_M015,neu
67,Ses01F_impro02,Ses01F_impro02_M016,fru
68,Ses01F_impro03,Ses01F_impro03_F000,hap
69,Ses01F_impro03,Ses01F_impro03_F001,hap
70,Ses01F_impro03,Ses01F_impro03_F002,hap
71,Ses01F_impro03,Ses01F_impro03_F003,xxx
72,Ses01F_impro03,Ses01F_impro03_F004,hap
73,Ses01F_impro03,Ses01F_impro03_F005,hap
74,Ses01F_impro03,Ses01F_impro03_F006,hap
75,Ses01F_impro03,Ses01F_impro03_F007,xxx
76,Ses01F_impro03,Ses01F_impro03_F008,hap
77,Ses01F_impro03,Ses01F_impro03_F009,hap
78,Ses01F_impro03,Ses01F_impro03_F010,hap
79,Ses01F_impro03,Ses01F_impro03_F011,xxx
80,Ses01F_impro03,Ses01F_impro03_F012,hap
81,Ses01F_impro03,Ses01F_impro03_F013,hap
82,Ses01F_impro03,Ses01F_impro03_F014,xxx
83,Ses01F_impro03,Ses01F_impro03_F015,exc
84,Ses01F_impro03,Ses01F_impro03_F016,hap
85,Ses01F_impro03,Ses01F_impro03_F017,neu
86,Ses01F_impro03,Ses01F_impro03_F018,neu
87,Ses01F_impro03,Ses01F_impro03_F019,neu
88,Ses01F_impro03,Ses01F_impro03_F020,xxx
89,Ses01F_impro03,Ses01F_impro03_F021,hap
90,Ses01F_impro03,Ses01F_impro03_F022,neu
91,Ses01F_impro03,Ses01F_impro03_F023,neu
92,Ses01F_impro03,Ses01F_impro03_F024,hap
93,Ses01F_impro03,Ses01F_impro03_F025,hap
94,Ses01F_impro03,Ses01F_impro03_F026,hap
95,Ses01F_impro03,Ses01F_impro03_M000,neu
96,Ses01F_impro03,Ses01F_impro03_M001,neu
97,Ses01F_impro03,Ses01F_impro03_M002,sur
98,Ses01F_impro03,Ses01F_impro03_M003,exc
99,Ses01F_impro03,Ses01F_impro03_M004,xxx
100,Ses01F_impro03,Ses01F_impro03_M005,xxx
101,Ses01F_impro03,Ses01F_impro03_M006,neu
102,Ses01F_impro03,Ses01F_impro03_M007,hap
103,Ses01F_impro03,Ses01F_impro03_M008,neu
104,Ses01F_impro03,Ses01F_impro03_M009,neu
105,Ses01F_impro03,Ses01F_impro03_M010,xxx
106,Ses01F_impro03,Ses01F_impro03_M011,neu
107,Ses01F_impro03,Ses01F_impro03_M012,xxx
108,Ses01F_impro03,Ses01F_impro03_M013,hap
109,Ses01F_impro03,Ses01F_impro03_M014,hap
110,Ses01F_impro03,Ses01F_impro03_M015,hap
111,Ses01F_impro03,Ses01F_impro03_M016,neu
112,Ses01F_impro03,Ses01F_impro03_M017,sur
113,Ses01F_impro03,Ses01F_impro03_M018,sur
114,Ses01F_impro03,Ses01F_impro03_M019,neu
115,Ses01F_impro03,Ses01F_impro03_M020,neu
116,Ses01F_impro03,Ses01F_impro03_M021,neu
117,Ses01F_impro03,Ses01F_impro03_M022,exc
118,Ses01F_impro03,Ses01F_impro03_M023,hap
119,Ses01F_impro03,Ses01F_impro03_M024,neu
120,Ses01F_impro04,Ses01F_impro04_F000,neu
121,Ses01F_impro04,Ses01F_impro04_F001,neu
122,Ses01F_impro04,Ses01F_impro04_F002,fru
123,Ses01F_impro04,Ses01F_impro04_F003,xxx
124,Ses01F_impro04,Ses01F_impro04_F004,xxx
125,Ses01F_impro04,Ses01F_impro04_F005,neu
126,Ses01F_impro04,Ses01F_impro04_F006,neu
127,Ses01F_impro04,Ses01F_impro04_F007,fru
128,Ses01F_impro04,Ses01F_impro04_F008,xxx
129,Ses01F_impro04,Ses01F_impro04_F009,neu
130,Ses01F_impro04,Ses01F_impro04_F010,xxx
131,Ses01F_impro04,Ses01F_impro04_F011,xxx
132,Ses01F_impro04,Ses01F_impro04_F012,xxx
133,Ses01F_impro04,Ses01F_impro04_F013,neu
134,Ses01F_impro04,Ses01F_impro04_F014,neu
135,Ses01F_impro04,Ses01F_impro04_F015,xxx
136,Ses01F_impro04,Ses01F_impro04_F016,fru
137,Ses01F_impro04,Ses01F_impro04_F017,fru
138,Ses01F_impro04,Ses01F_impro04_F018,fru
139,Ses01F_impro04,Ses01F_impro04_F019,fru
140,Ses01F_impro04,Ses01F_impro04_F020,xxx
141,Ses01F_impro04,Ses01F_impro04_F021,fru
142,Ses01F_impro04,Ses01F_impro04_F022,fru
143,Ses01F_impro04,Ses01F_impro04_F023,fru
144,Ses01F_impro04,Ses01F_impro04_F024,fru
145,Ses01F_impro04,Ses01F_impro04_F025,fru
146,Ses01F_impro04,Ses01F_impro04_F026,fru
147,Ses01F_impro04,Ses01F_impro04_F027,fru
148,Ses01F_impro04,Ses01F_impro04_F028,ang
149,Ses01F_impro04,Ses01F_impro04_F029,ang
150,Ses01F_impro04,Ses01F_impro04_F030,ang
151,Ses01F_impro04,Ses01F_impro04_F031,ang
152,Ses01F_impro04,Ses01F_impro04_F032,ang
153,Ses01F_impro04,Ses01F_impro04_F033,ang
154,Ses01F_impro04,Ses01F_impro04_M000,neu
155,Ses01F_impro04,Ses01F_impro04_M001,neu
156,Ses01F_impro04,Ses01F_impro04_M002,neu
157,Ses01F_impro04,Ses01F_impro04_M003,neu
158,Ses01F_impro04,Ses01F_impro04_M004,neu
159,Ses01F_impro04,Ses01F_impro04_M005,neu
160,Ses01F_impro04,Ses01F_impro04_M006,neu
161,Ses01F_impro04,Ses01F_impro04_M007,neu
162,Ses01F_impro04,Ses01F_impro04_M008,neu
163,Ses01F_impro04,Ses01F_impro04_M009,neu
164,Ses01F_impro04,Ses01F_impro04_M010,neu
165,Ses01F_impro04,Ses01F_impro04_M011,neu
166,Ses01F_impro04,Ses01F_impro04_M012,neu
167,Ses01F_impro04,Ses01F_impro04_M013,neu
168,Ses01F_impro04,Ses01F_impro04_M014,neu
169,Ses01F_impro04,Ses01F_impro04_M015,neu
170,Ses01F_impro04,Ses01F_impro04_M016,neu
171,Ses01F_impro04,Ses01F_impro04_M017,neu
172,Ses01F_impro04,Ses01F_impro04_M018,neu
173,Ses01F_impro04,Ses01F_impro04_M019,neu
174,Ses01F_impro04,Ses01F_impro04_M020,neu
175,Ses01F_impro04,Ses01F_impro04_M021,neu
176,Ses01F_impro04,Ses01F_impro04_M022,neu
177,Ses01F_impro04,Ses01F_impro04_M023,neu
178,Ses01F_impro04,Ses01F_impro04_M024,neu
179,Ses01F_impro04,Ses01F_impro04_M025,neu
180,Ses01F_impro04,Ses01F_impro04_M026,neu
181,Ses01F_impro04,Ses01F_impro04_M027,neu
182,Ses01F_impro04,Ses01F_impro04_M028,neu
183,Ses01F_impro04,Ses01F_impro04_M029,fru
184,Ses01F_impro04,Ses01F_impro04_M030,fru
185,Ses01F_impro04,Ses01F_impro04_M031,neu
186,Ses01F_impro04,Ses01F_impro04_M032,neu
187,Ses01F_impro04,Ses01F_impro04_M033,xxx
188,Ses01F_impro04,Ses01F_impro04_M034,fru
189,Ses01F_impro04,Ses01F_impro04_M035,fru
190,Ses01F_impro04,Ses01F_impro04_M036,xxx
191,Ses01F_impro05,Ses01F_impro05_F000,fru
192,Ses01F_impro05,Ses01F_impro05_F001,fru
193,Ses01F_impro05,Ses01F_impro05_F002,fru
194,Ses01F_impro05,Ses01F_impro05_F003,fru
195,Ses01F_impro05,Ses01F_impro05_F004,fru
196,Ses01F_impro05,Ses01F_impro05_F005,fru
197,Ses01F_impro05,Ses01F_impro05_F006,xxx
198,Ses01F_impro05,Ses01F_impro05_F007,fru
199,Ses01F_impro05,Ses01F_impro05_F008,ang
200,Ses01F_impro05,Ses01F_impro05_F009,ang
201,Ses01F_impro05,Ses01F_impro05_F010,xxx
202,Ses01F_impro05,Ses01F_impro05_F011,ang
203,Ses01F_impro05,Ses01F_impro05_F012,ang
204,Ses01F_impro05,Ses01F_impro05_F013,xxx
205,Ses01F_impro05,Ses01F_impro05_F014,ang
206,Ses01F_impro05,Ses01F_impro05_F015,ang
207,Ses01F_impro05,Ses01F_impro05_F016,ang
208,Ses01F_impro05,Ses01F_impro05_F017,ang
209,Ses01F_impro05,Ses01F_impro05_F018,ang
210,Ses01F_impro05,Ses01F_impro05_F019,ang
211,Ses01F_impro05,Ses01F_impro05_F020,ang
212,Ses01F_impro05,Ses01F_impro05_F021,ang
213,Ses01F_impro05,Ses01F_impro05_F022,ang
214,Ses01F_impro05,Ses01F_impro05_F023,ang
215,Ses01F_impro05,Ses01F_impro05_F024,ang
216,Ses01F_impro05,Ses01F_impro05_F025,ang
217,Ses01F_impro05,Ses01F_impro05_F026,ang
218,Ses01F_impro05,Ses01F_impro05_F027,xxx
219,Ses01F_impro05,Ses01F_impro05_F028,ang
220,Ses01F_impro05,Ses01F_impro05_F029,ang
221,Ses01F_impro05,Ses01F_impro05_F030,ang
222,Ses01F_impro05,Ses01F_impro05_M000,neu
223,Ses01F_impro05,Ses01F_impro05_M001,hap
224,Ses01F_impro05,Ses01F_impro05_M002,hap
225,Ses01F_impro05,Ses01F_impro05_M003,neu
226,Ses01F_impro05,Ses01F_impro05_M004,neu
227,Ses01F_impro05,Ses01F_impro05_M005,neu
228,Ses01F_impro05,Ses01F_impro05_M006,neu
229,Ses01F_impro05,Ses01F_impro05_M007,neu
230,Ses01F_impro05,Ses01F_impro05_M008,neu
231,Ses01F_impro05,Ses01F_impro05_M009,neu
232,Ses01F_impro05,Ses01F_impro05_M010,neu
233,Ses01F_impro05,Ses01F_impro05_M011,neu
234,Ses01F_impro05,Ses01F_impro05_M012,neu
235,Ses01F_impro05,Ses01F_impro05_M013,neu
236,Ses01F_impro05,Ses01F_impro05_M014,neu
237,Ses01F_impro05,Ses01F_impro05_M015,neu
238,Ses01F_impro05,Ses01F_impro05_M016,neu
239,Ses01F_impro05,Ses01F_impro05_M017,neu
240,Ses01F_impro05,Ses01F_impro05_M018,xxx
241,Ses01F_impro05,Ses01F_impro05_M019,neu
242,Ses01F_impro05,Ses01F_impro05_M020,neu
243,Ses01F_impro05,Ses01F_impro05_M021,xxx
244,Ses01F_impro05,Ses01F_impro05_M022,neu
245,Ses01F_impro05,Ses01F_impro05_M023,neu
246,Ses01F_impro05,Ses01F_impro05_M024,neu
247,Ses01F_impro05,Ses01F_impro05_M025,neu
248,Ses01F_impro05,Ses01F_impro05_M026,neu
249,Ses01F_impro05,Ses01F_impro05_M027,neu
250,Ses01F_impro05,Ses01F_impro05_M028,neu
251,Ses01F_impro05,Ses01F_impro05_M029,neu
252,Ses01F_impro05,Ses01F_impro05_M030,neu
253,Ses01F_impro05,Ses01F_impro05_M031,neu
254,Ses01F_impro05,Ses01F_impro05_M032,sur
255,Ses01F_impro05,Ses01F_impro05_M033,sur
256,Ses01F_impro05,Ses01F_impro05_M034,neu
257,Ses01F_impro05,Ses01F_impro05_M035,neu
258,Ses01F_impro06,Ses01F_impro06_F000,xxx
259,Ses01F_impro06,Ses01F_impro06_F001,xxx
260,Ses01F_impro06,Ses01F_impro06_F002,sad
261,Ses01F_impro06,Ses01F_impro06_F003,neu
262,Ses01F_impro06,Ses01F_impro06_F004,neu
263,Ses01F_impro06,Ses01F_impro06_F005,sad
264,Ses01F_impro06,Ses01F_impro06_F006,sad
265,Ses01F_impro06,Ses01F_impro06_F007,sad
266,Ses01F_impro06,Ses01F_impro06_F008,sad
267,Ses01F_impro06,Ses01F_impro06_F009,neu
268,Ses01F_impro06,Ses01F_impro06_F010,sad
269,Ses01F_impro06,Ses01F_impro06_F011,sad
270,Ses01F_impro06,Ses01F_impro06_F012,sad
271,Ses01F_impro06,Ses01F_impro06_F013,sad
272,Ses01F_impro06,Ses01F_impro06_F014,sad
273,Ses01F_impro06,Ses01F_impro06_F015,sad
274,Ses01F_impro06,Ses01F_impro06_F016,neu
275,Ses01F_impro06,Ses01F_impro06_F017,xxx
276,Ses01F_impro06,Ses01F_impro06_F018,neu
277,Ses01F_impro06,Ses01F_impro06_F019,neu
278,Ses01F_impro06,Ses01F_impro06_F020,sad
279,Ses01F_impro06,Ses01F_impro06_F021,sad
280,Ses01F_impro06,Ses01F_impro06_F022,sad
281,Ses01F_impro06,Ses01F_impro06_F023,sad
282,Ses01F_impro06,Ses01F_impro06_F024,sad
283,Ses01F_impro06,Ses01F_impro06_F025,sad
284,Ses01F_impro06,Ses01F_impro06_F026,sad
285,Ses01F_impro06,Ses01F_impro06_F027,neu
286,Ses01F_impro06,Ses01F_impro06_F028,sad
287,Ses01F_impro06,Ses01F_impro06_M000,sad
288,Ses01F_impro06,Ses01F_impro06_M001,neu
289,Ses01F_impro06,Ses01F_impro06_M002,neu
290,Ses01F_impro06,Ses01F_impro06_M003,sad
291,Ses01F_impro06,Ses01F_impro06_M004,neu
292,Ses01F_impro06,Ses01F_impro06_M005,neu
293,Ses01F_impro06,Ses01F_impro06_M006,neu
294,Ses01F_impro06,Ses01F_impro06_M007,sad
295,Ses01F_impro06,Ses01F_impro06_M008,neu
296,Ses01F_impro06,Ses01F_impro06_M009,neu
297,Ses01F_impro06,Ses01F_impro06_M010,neu
298,Ses01F_impro06,Ses01F_impro06_M011,neu
299,Ses01F_impro06,Ses01F_impro06_M012,neu
300,Ses01F_impro06,Ses01F_impro06_M013,neu
301,Ses01F_impro06,Ses01F_impro06_M014,neu
302,Ses01F_impro06,Ses01F_impro06_M015,neu
303,Ses01F_impro06,Ses01F_impro06_M016,neu
304,Ses01F_impro06,Ses01F_impro06_M017,xxx
305,Ses01F_impro07,Ses01F_impro07_F000,exc
306,Ses01F_impro07,Ses01F_impro07_F001,xxx
307,Ses01F_impro07,Ses01F_impro07_F002,exc
308,Ses01F_impro07,Ses01F_impro07_F003,exc
309,Ses01F_impro07,Ses01F_impro07_F004,exc
310,Ses01F_impro07,Ses01F_impro07_F005,exc
311,Ses01F_impro07,Ses01F_impro07_F006,xxx
312,Ses01F_impro07,Ses01F_impro07_F007,xxx
313,Ses01F_impro07,Ses01F_impro07_F008,xxx
314,Ses01F_impro07,Ses01F_impro07_F009,exc
315,Ses01F_impro07,Ses01F_impro07_F010,exc
316,Ses01F_impro07,Ses01F_impro07_F011,xxx
317,Ses01F_impro07,Ses01F_impro07_F012,exc
318,Ses01F_impro07,Ses01F_impro07_F013,exc
319,Ses01F_impro07,Ses01F_impro07_F014,xxx
320,Ses01F_impro07,Ses01F_impro07_F015,xxx
321,Ses01F_impro07,Ses01F_impro07_F016,exc
322,Ses01F_impro07,Ses01F_impro07_M000,exc
323,Ses01F_impro07,Ses01F_impro07_M001,exc
324,Ses01F_impro07,Ses01F_impro07_M002,exc
325,Ses01F_impro07,Ses01F_impro07_M003,exc
326,Ses01F_impro07,Ses01F_impro07_M004,exc
327,Ses01F_impro07,Ses01F_impro07_M005,exc
328,Ses01F_impro07,Ses01F_impro07_M006,exc
329,Ses01F_impro07,Ses01F_impro07_M007,exc
330,Ses01F_impro07,Ses01F_impro07_M008,exc
331,Ses01F_impro07,Ses01F_impro07_M009,exc
332,Ses01F_impro07,Ses01F_impro07_M010,xxx
333,Ses01F_impro07,Ses01F_impro07_M011,xxx
334,Ses01F_impro07,Ses01F_impro07_M012,neu
335,Ses01F_impro07,Ses01F_impro07_M013,neu
336,Ses01F_impro07,Ses01F_impro07_M014,exc
337,Ses01F_impro07,Ses01F_impro07_M015,exc
338,Ses01F_impro07,Ses01F_impro07_M016,xxx
339,Ses01F_impro07,Ses01F_impro07_M017,exc
340,Ses01F_impro07,Ses01F_impro07_M018,neu
341,Ses01F_impro07,Ses01F_impro07_M019,hap
342,Ses01F_script01_1,Ses01F_script01_1_F000,fru
343,Ses01F_script01_1,Ses01F_script01_1_F001,xxx
344,Ses01F_script01_1,Ses01F_script01_1_F002,sur
345,Ses01F_script01_1,Ses01F_script01_1_F003,xxx
346,Ses01F_script01_1,Ses01F_script01_1_F004,xxx
347,Ses01F_script01_1,Ses01F_script01_1_F005,neu
348,Ses01F_script01_1,Ses01F_script01_1_F006,xxx
349,Ses01F_script01_1,Ses01F_script01_1_F007,xxx
350,Ses01F_script01_1,Ses01F_script01_1_F008,xxx
351,Ses01F_script01_1,Ses01F_script01_1_F009,fru
352,Ses01F_script01_1,Ses01F_script01_1_F010,fru
353,Ses01F_script01_1,Ses01F_script01_1_F011,fru
354,Ses01F_script01_1,Ses01F_script01_1_F012,fru
355,Ses01F_script01_1,Ses01F_script01_1_F013,xxx
356,Ses01F_script01_1,Ses01F_script01_1_F014,fru
357,Ses01F_script01_1,Ses01F_script01_1_F015,neu
358,Ses01F_script01_1,Ses01F_script01_1_F016,xxx
359,Ses01F_script01_1,Ses01F_script01_1_F017,xxx
360,Ses01F_script01_1,Ses01F_script01_1_F018,xxx
361,Ses01F_script01_1,Ses01F_script01_1_F019,xxx
362,Ses01F_script01_1,Ses01F_script01_1_F020,xxx
363,Ses01F_script01_1,Ses01F_script01_1_F021,fru
364,Ses01F_script01_1,Ses01F_script01_1_F022,fru
365,Ses01F_script01_1,Ses01F_script01_1_F023,fru
366,Ses01F_script01_1,Ses01F_script01_1_F024,fru
367,Ses01F_script01_1,Ses01F_script01_1_F025,fru
368,Ses01F_script01_1,Ses01F_script01_1_F026,fru
369,Ses01F_script01_1,Ses01F_script01_1_F027,fru
370,Ses01F_script01_1,Ses01F_script01_1_F028,fru
371,Ses01F_script01_1,Ses01F_script01_1_F029,fru
372,Ses01F_script01_1,Ses01F_script01_1_F030,fru
373,Ses01F_script01_1,Ses01F_script01_1_F031,fru
374,Ses01F_script01_1,Ses01F_script01_1_F032,fru
375,Ses01F_script01_1,Ses01F_script01_1_F033,fru
376,Ses01F_script01_1,Ses01F_script01_1_F034,neu
377,Ses01F_script01_1,Ses01F_script01_1_F035,ang
378,Ses01F_script01_1,Ses01F_script01_1_F036,xxx
379,Ses01F_script01_1,Ses01F_script01_1_F037,ang
380,Ses01F_script01_1,Ses01F_script01_1_F038,ang
381,Ses01F_script01_1,Ses01F_script01_1_F039,fru
382,Ses01F_script01_1,Ses01F_script01_1_F040,fru
383,Ses01F_script01_1,Ses01F_script01_1_F041,ang
384,Ses01F_script01_1,Ses01F_script01_1_F042,ang
385,Ses01F_script01_1,Ses01F_script01_1_F043,fru
386,Ses01F_script01_1,Ses01F_script01_1_F044,fru
387,Ses01F_script01_1,Ses01F_script01_1_M000,neu
388,Ses01F_script01_1,Ses01F_script01_1_M001,neu
389,Ses01F_script01_1,Ses01F_script01_1_M002,neu
390,Ses01F_script01_1,Ses01F_script01_1_M003,neu
391,Ses01F_script01_1,Ses01F_script01_1_M004,neu
392,Ses01F_script01_1,Ses01F_script01_1_M005,fru
393,Ses01F_script01_1,Ses01F_script01_1_M006,xxx
394,Ses01F_script01_1,Ses01F_script01_1_M007,neu
395,Ses01F_script01_1,Ses01F_script01_1_M008,fru
396,Ses01F_script01_1,Ses01F_script01_1_M009,fru
397,Ses01F_script01_1,Ses01F_script01_1_M010,neu
398,Ses01F_script01_1,Ses01F_script01_1_M011,fru
399,Ses01F_script01_1,Ses01F_script01_1_M012,neu
400,Ses01F_script01_1,Ses01F_script01_1_M013,fru
401,Ses01F_script01_1,Ses01F_script01_1_M014,neu
402,Ses01F_script01_1,Ses01F_script01_1_M015,neu
403,Ses01F_script01_1,Ses01F_script01_1_M016,neu
404,Ses01F_script01_1,Ses01F_script01_1_M017,neu
405,Ses01F_script01_1,Ses01F_script01_1_M018,fru
406,Ses01F_script01_1,Ses01F_script01_1_M019,ang
407,Ses01F_script01_1,Ses01F_script01_1_M020,fru
408,Ses01F_script01_1,Ses01F_script01_1_M021,fru
409,Ses01F_script01_1,Ses01F_script01_1_M022,fru
410,Ses01F_script01_1,Ses01F_script01_1_M023,neu
411,Ses01F_script01_1,Ses01F_script01_1_M024,neu
412,Ses01F_script01_1,Ses01F_script01_1_M025,neu
413,Ses01F_script01_1,Ses01F_script01_1_M026,fru
414,Ses01F_script01_1,Ses01F_script01_1_M027,fru
415,Ses01F_script01_1,Ses01F_script01_1_M028,fru
416,Ses01F_script01_1,Ses01F_script01_1_M029,fru
417,Ses01F_script01_1,Ses01F_script01_1_M030,fru
418,Ses01F_script01_1,Ses01F_script01_1_M031,fru
419,Ses01F_script01_1,Ses01F_script01_1_M032,fru
420,Ses01F_script01_1,Ses01F_script01_1_M033,fru
421,Ses01F_script01_1,Ses01F_script01_1_M034,neu
422,Ses01F_script01_1,Ses01F_script01_1_M035,fru
423,Ses01F_script01_1,Ses01F_script01_1_M036,fru
424,Ses01F_script01_1,Ses01F_script01_1_M037,fru
425,Ses01F_script01_1,Ses01F_script01_1_M038,fru
426,Ses01F_script01_1,Ses01F_script01_1_M039,neu
427,Ses01F_script01_1,Ses01F_script01_1_M040,neu
428,Ses01F_script01_1,Ses01F_script01_1_M041,fru
429,Ses01F_script01_1,Ses01F_script01_1_M042,fru
430,Ses01F_script01_1,Ses01F_script01_1_M043,fru
431,Ses01F_script01_2,Ses01F_script01_2_F000,xxx
432,Ses01F_script01_2,Ses01F_script01_2_F001,xxx
433,Ses01F_script01_2,Ses01F_script01_2_F002,xxx
434,Ses01F_script01_2,Ses01F_script01_2_F003,ang
435,Ses01F_script01_2,Ses01F_script01_2_F004,ang
436,Ses01F_script01_2,Ses01F_script01_2_F005,ang
437,Ses01F_script01_2,Ses01F_script01_2_F006,ang
438,Ses01F_script01_2,Ses01F_script01_2_F007,ang
439,Ses01F_script01_2,Ses01F_script01_2_F008,ang
440,Ses01F_script01_2,Ses01F_script01_2_F009,ang
441,Ses01F_script01_2,Ses01F_script01_2_F010,ang
442,Ses01F_script01_2,Ses01F_script01_2_F011,ang
443,Ses01F_script01_2,Ses01F_script01_2_F012,ang
444,Ses01F_script01_2,Ses01F_script01_2_F013,ang
445,Ses01F_script01_2,Ses01F_script01_2_F014,fru
446,Ses01F_script01_2,Ses01F_script01_2_M000,xxx
447,Ses01F_script01_2,Ses01F_script01_2_M001,neu
448,Ses01F_script01_2,Ses01F_script01_2_M002,xxx
449,Ses01F_script01_2,Ses01F_script01_2_M003,fru
450,Ses01F_script01_2,Ses01F_script01_2_M004,neu
451,Ses01F_script01_2,Ses01F_script01_2_M005,xxx
452,Ses01F_script01_2,Ses01F_script01_2_M006,fru
453,Ses01F_script01_2,Ses01F_script01_2_M007,fru
454,Ses01F_script01_2,Ses01F_script01_2_M008,neu
455,Ses01F_script01_2,Ses01F_script01_2_M009,fru
456,Ses01F_script01_2,Ses01F_script01_2_M010,fru
457,Ses01F_script01_2,Ses01F_script01_2_M011,fru
458,Ses01F_script01_2,Ses01F_script01_2_M012,fru
459,Ses01F_script01_2,Ses01F_script01_2_M013,fru
460,Ses01F_script01_2,Ses01F_script01_2_M014,fru
461,Ses01F_script01_2,Ses01F_script01_2_M015,fru
462,Ses01F_script01_2,Ses01F_script01_2_M016,xxx
463,Ses01F_script01_2,Ses01F_script01_2_M017,ang
464,Ses01F_script01_3,Ses01F_script01_3_F000,neu
465,Ses01F_script01_3,Ses01F_script01_3_F001,neu
466,Ses01F_script01_3,Ses01F_script01_3_F002,neu
467,Ses01F_script01_3,Ses01F_script01_3_F003,neu
468,Ses01F_script01_3,Ses01F_script01_3_F004,neu
469,Ses01F_script01_3,Ses01F_script01_3_F005,neu
470,Ses01F_script01_3,Ses01F_script01_3_F006,neu
471,Ses01F_script01_3,Ses01F_script01_3_F007,neu
472,Ses01F_script01_3,Ses01F_script01_3_F008,neu
473,Ses01F_script01_3,Ses01F_script01_3_F009,neu
474,Ses01F_script01_3,Ses01F_script01_3_F010,hap
475,Ses01F_script01_3,Ses01F_script01_3_F011,hap
476,Ses01F_script01_3,Ses01F_script01_3_F012,hap
477,Ses01F_script01_3,Ses01F_script01_3_F013,hap
478,Ses01F_script01_3,Ses01F_script01_3_F014,neu
479,Ses01F_script01_3,Ses01F_script01_3_F015,neu
480,Ses01F_script01_3,Ses01F_script01_3_F016,neu
481,Ses01F_script01_3,Ses01F_script01_3_F017,hap
482,Ses01F_script01_3,Ses01F_script01_3_F018,xxx
483,Ses01F_script01_3,Ses01F_script01_3_F019,hap
484,Ses01F_script01_3,Ses01F_script01_3_F020,hap
485,Ses01F_script01_3,Ses01F_script01_3_F021,hap
486,Ses01F_script01_3,Ses01F_script01_3_F022,neu
487,Ses01F_script01_3,Ses01F_script01_3_F023,xxx
488,Ses01F_script01_3,Ses01F_script01_3_F024,xxx
489,Ses01F_script01_3,Ses01F_script01_3_F025,xxx
490,Ses01F_script01_3,Ses01F_script01_3_F026,xxx
491,Ses01F_script01_3,Ses01F_script01_3_F027,xxx
492,Ses01F_script01_3,Ses01F_script01_3_F028,neu
493,Ses01F_script01_3,Ses01F_script01_3_F029,neu
494,Ses01F_script01_3,Ses01F_script01_3_F030,sad
495,Ses01F_script01_3,Ses01F_script01_3_F031,neu
496,Ses01F_script01_3,Ses01F_script01_3_F032,xxx
497,Ses01F_script01_3,Ses01F_script01_3_F033,xxx
498,Ses01F_script01_3,Ses01F_script01_3_F034,xxx
499,Ses01F_script01_3,Ses01F_script01_3_F035,hap
500,Ses01F_script01_3,Ses01F_script01_3_M000,neu
501,Ses01F_script01_3,Ses01F_script01_3_M001,neu
502,Ses01F_script01_3,Ses01F_script01_3_M002,xxx
503,Ses01F_script01_3,Ses01F_script01_3_M003,neu
504,Ses01F_script01_3,Ses01F_script01_3_M004,neu
505,Ses01F_script01_3,Ses01F_script01_3_M005,neu
506,Ses01F_script01_3,Ses01F_script01_3_M006,xxx
507,Ses01F_script01_3,Ses01F_script01_3_M007,xxx
508,Ses01F_script01_3,Ses01F_script01_3_M008,hap
509,Ses01F_script01_3,Ses01F_script01_3_M009,hap
510,Ses01F_script01_3,Ses01F_script01_3_M010,hap
511,Ses01F_script01_3,Ses01F_script01_3_M011,xxx
512,Ses01F_script01_3,Ses01F_script01_3_M012,xxx
513,Ses01F_script01_3,Ses01F_script01_3_M013,xxx
514,Ses01F_script01_3,Ses01F_script01_3_M014,sur
515,Ses01F_script01_3,Ses01F_script01_3_M015,hap
516,Ses01F_script01_3,Ses01F_script01_3_M016,hap
517,Ses01F_script01_3,Ses01F_script01_3_M017,hap
518,Ses01F_script01_3,Ses01F_script01_3_M018,xxx
519,Ses01F_script01_3,Ses01F_script01_3_M019,hap
520,Ses01F_script01_3,Ses01F_script01_3_M020,hap
521,Ses01F_script01_3,Ses01F_script01_3_M021,sad
522,Ses01F_script01_3,Ses01F_script01_3_M022,sad
523,Ses01F_script01_3,Ses01F_script01_3_M023,sad
524,Ses01F_script01_3,Ses01F_script01_3_M024,sad
525,Ses01F_script01_3,Ses01F_script01_3_M025,sad
526,Ses01F_script01_3,Ses01F_script01_3_M026,sad
527,Ses01F_script01_3,Ses01F_script01_3_M027,sad
528,Ses01F_script01_3,Ses01F_script01_3_M028,sad
529,Ses01F_script01_3,Ses01F_script01_3_M029,sad
530,Ses01F_script01_3,Ses01F_script01_3_M030,sad
531,Ses01F_script01_3,Ses01F_script01_3_M031,xxx
532,Ses01F_script01_3,Ses01F_script01_3_M032,sad
533,Ses01F_script01_3,Ses01F_script01_3_M033,sad
534,Ses01F_script01_3,Ses01F_script01_3_M034,xxx
535,Ses01F_script01_3,Ses01F_script01_3_M035,xxx
536,Ses01F_script01_3,Ses01F_script01_3_M036,sad
537,Ses01F_script01_3,Ses01F_script01_3_M037,neu
538,Ses01F_script01_3,Ses01F_script01_3_M038,xxx
539,Ses01F_script02_1,Ses01F_script02_1_F000,neu
540,Ses01F_script02_1,Ses01F_script02_1_F001,fru
541,Ses01F_script02_1,Ses01F_script02_1_F002,xxx
542,Ses01F_script02_1,Ses01F_script02_1_F003,sur
543,Ses01F_script02_1,Ses01F_script02_1_F004,neu
544,Ses01F_script02_1,Ses01F_script02_1_F005,xxx
545,Ses01F_script02_1,Ses01F_script02_1_F006,ang
546,Ses01F_script02_1,Ses01F_script02_1_F007,ang
547,Ses01F_script02_1,Ses01F_script02_1_F008,neu
548,Ses01F_script02_1,Ses01F_script02_1_F009,hap
549,Ses01F_script02_1,Ses01F_script02_1_F010,sad
550,Ses01F_script02_1,Ses01F_script02_1_F011,xxx
551,Ses01F_script02_1,Ses01F_script02_1_F012,xxx
552,Ses01F_script02_1,Ses01F_script02_1_F013,xxx
553,Ses01F_script02_1,Ses01F_script02_1_F014,fru
554,Ses01F_script02_1,Ses01F_script02_1_F015,neu
555,Ses01F_script02_1,Ses01F_script02_1_F016,xxx
556,Ses01F_script02_1,Ses01F_script02_1_F017,fru
557,Ses01F_script02_1,Ses01F_script02_1_F018,xxx
558,Ses01F_script02_1,Ses01F_script02_1_F019,fru
559,Ses01F_script02_1,Ses01F_script02_1_F020,xxx
560,Ses01F_script02_1,Ses01F_script02_1_F021,fru
561,Ses01F_script02_1,Ses01F_script02_1_F022,xxx
562,Ses01F_script02_1,Ses01F_script02_1_F023,fru
563,Ses01F_script02_1,Ses01F_script02_1_F024,neu
564,Ses01F_script02_1,Ses01F_script02_1_F025,neu
565,Ses01F_script02_1,Ses01F_script02_1_M000,xxx
566,Ses01F_script02_1,Ses01F_script02_1_M001,xxx
567,Ses01F_script02_1,Ses01F_script02_1_M002,exc
568,Ses01F_script02_1,Ses01F_script02_1_M003,xxx
569,Ses01F_script02_1,Ses01F_script02_1_M004,xxx
570,Ses01F_script02_1,Ses01F_script02_1_M005,xxx
571,Ses01F_script02_1,Ses01F_script02_1_M006,xxx
572,Ses01F_script02_1,Ses01F_script02_1_M007,neu
573,Ses01F_script02_1,Ses01F_script02_1_M008,neu
574,Ses01F_script02_1,Ses01F_script02_1_M009,neu
575,Ses01F_script02_1,Ses01F_script02_1_M010,neu
576,Ses01F_script02_1,Ses01F_script02_1_M011,neu
577,Ses01F_script02_1,Ses01F_script02_1_M012,fru
578,Ses01F_script02_1,Ses01F_script02_1_M013,neu
579,Ses01F_script02_1,Ses01F_script02_1_M014,neu
580,Ses01F_script02_1,Ses01F_script02_1_M015,neu
581,Ses01F_script02_1,Ses01F_script02_1_M016,exc
582,Ses01F_script02_1,Ses01F_script02_1_M017,xxx
583,Ses01F_script02_1,Ses01F_script02_1_M018,fru
584,Ses01F_script02_1,Ses01F_script02_1_M019,xxx
585,Ses01F_script02_1,Ses01F_script02_1_M020,neu
586,Ses01F_script02_1,Ses01F_script02_1_M021,neu
587,Ses01F_script02_1,Ses01F_script02_1_M022,fru
588,Ses01F_script02_1,Ses01F_script02_1_M023,neu
589,Ses01F_script02_1,Ses01F_script02_1_M024,neu
590,Ses01F_script02_1,Ses01F_script02_1_M025,neu
591,Ses01F_script02_1,Ses01F_script02_1_M026,neu
592,Ses01F_script02_1,Ses01F_script02_1_M027,fru
593,Ses01F_script02_1,Ses01F_script02_1_M028,xxx
594,Ses01F_script02_1,Ses01F_script02_1_M029,neu
595,Ses01F_script02_1,Ses01F_script02_1_M030,sur
596,Ses01F_script02_1,Ses01F_script02_1_M031,neu
597,Ses01F_script02_1,Ses01F_script02_1_M032,neu
598,Ses01F_script02_1,Ses01F_script02_1_M033,neu
599,Ses01F_script02_1,Ses01F_script02_1_M034,neu
600,Ses01F_script02_1,Ses01F_script02_1_M035,exc
601,Ses01F_script02_1,Ses01F_script02_1_M036,hap
602,Ses01F_script02_1,Ses01F_script02_1_M037,xxx
603,Ses01F_script02_1,Ses01F_script02_1_M038,exc
604,Ses01F_script02_1,Ses01F_script02_1_M039,xxx
605,Ses01F_script02_1,Ses01F_script02_1_M040,exc
606,Ses01F_script02_1,Ses01F_script02_1_M041,xxx
607,Ses01F_script02_1,Ses01F_script02_1_M042,xxx
608,Ses01F_script02_1,Ses01F_script02_1_M043,hap
609,Ses01F_script02_1,Ses01F_script02_1_M044,hap
610,Ses01F_script02_2,Ses01F_script02_2_F000,neu
611,Ses01F_script02_2,Ses01F_script02_2_F001,neu
612,Ses01F_script02_2,Ses01F_script02_2_F002,xxx
613,Ses01F_script02_2,Ses01F_script02_2_F003,xxx
614,Ses01F_script02_2,Ses01F_script02_2_F004,xxx
615,Ses01F_script02_2,Ses01F_script02_2_F005,xxx
616,Ses01F_script02_2,Ses01F_script02_2_F006,ang
617,Ses01F_script02_2,Ses01F_script02_2_F007,fru
618,Ses01F_script02_2,Ses01F_script02_2_F008,ang
619,Ses01F_script02_2,Ses01F_script02_2_F009,ang
620,Ses01F_script02_2,Ses01F_script02_2_F010,ang
621,Ses01F_script02_2,Ses01F_script02_2_F011,xxx
622,Ses01F_script02_2,Ses01F_script02_2_F012,fru
623,Ses01F_script02_2,Ses01F_script02_2_F013,fru
624,Ses01F_script02_2,Ses01F_script02_2_F014,xxx
625,Ses01F_script02_2,Ses01F_script02_2_F015,sad
626,Ses01F_script02_2,Ses01F_script02_2_F016,ang
627,Ses01F_script02_2,Ses01F_script02_2_F017,neu
628,Ses01F_script02_2,Ses01F_script02_2_F018,xxx
629,Ses01F_script02_2,Ses01F_script02_2_F019,hap
630,Ses01F_script02_2,Ses01F_script02_2_F020,xxx
631,Ses01F_script02_2,Ses01F_script02_2_F021,fru
632,Ses01F_script02_2,Ses01F_script02_2_F022,sad
633,Ses01F_script02_2,Ses01F_script02_2_F023,neu
634,Ses01F_script02_2,Ses01F_script02_2_F024,xxx
635,Ses01F_script02_2,Ses01F_script02_2_F025,fru
636,Ses01F_script02_2,Ses01F_script02_2_F026,neu
637,Ses01F_script02_2,Ses01F_script02_2_F027,fru
638,Ses01F_script02_2,Ses01F_script02_2_F028,xxx
639,Ses01F_script02_2,Ses01F_script02_2_F029,fru
640,Ses01F_script02_2,Ses01F_script02_2_F030,fru
641,Ses01F_script02_2,Ses01F_script02_2_F031,xxx
642,Ses01F_script02_2,Ses01F_script02_2_F032,fru
643,Ses01F_script02_2,Ses01F_script02_2_F033,fru
644,Ses01F_script02_2,Ses01F_script02_2_F034,sad
645,Ses01F_script02_2,Ses01F_script02_2_F035,sad
646,Ses01F_script02_2,Ses01F_script02_2_F036,sad
647,Ses01F_script02_2,Ses01F_script02_2_F037,sur
648,Ses01F_script02_2,Ses01F_script02_2_F038,sur
649,Ses01F_script02_2,Ses01F_script02_2_F039,xxx
650,Ses01F_script02_2,Ses01F_script02_2_F040,sad
651,Ses01F_script02_2,Ses01F_script02_2_F041,neu
652,Ses01F_script02_2,Ses01F_script02_2_F042,hap
653,Ses01F_script02_2,Ses01F_script02_2_F043,hap
654,Ses01F_script02_2,Ses01F_script02_2_F044,hap
655,Ses01F_script02_2,Ses01F_script02_2_F045,hap
656,Ses01F_script02_2,Ses01F_script02_2_F046,sad
657,Ses01F_script02_2,Ses01F_script02_2_F047,neu
658,Ses01F_script02_2,Ses01F_script02_2_M000,exc
659,Ses01F_script02_2,Ses01F_script02_2_M001,exc
660,Ses01F_script02_2,Ses01F_script02_2_M002,neu
661,Ses01F_script02_2,Ses01F_script02_2_M003,xxx
662,Ses01F_script02_2,Ses01F_script02_2_M004,fru
663,Ses01F_script02_2,Ses01F_script02_2_M005,xxx
664,Ses01F_script02_2,Ses01F_script02_2_M006,neu
665,Ses01F_script02_2,Ses01F_script02_2_M007,fru
666,Ses01F_script02_2,Ses01F_script02_2_M008,fru
667,Ses01F_script02_2,Ses01F_script02_2_M009,fru
668,Ses01F_script02_2,Ses01F_script02_2_M010,fru
669,Ses01F_script02_2,Ses01F_script02_2_M011,fru
670,Ses01F_script02_2,Ses01F_script02_2_M012,xxx
671,Ses01F_script02_2,Ses01F_script02_2_M013,fru
672,Ses01F_script02_2,Ses01F_script02_2_M014,fru
673,Ses01F_script02_2,Ses01F_script02_2_M015,fru
674,Ses01F_script02_2,Ses01F_script02_2_M016,neu
675,Ses01F_script02_2,Ses01F_script02_2_M017,neu
676,Ses01F_script02_2,Ses01F_script02_2_M018,xxx
677,Ses01F_script02_2,Ses01F_script02_2_M019,neu
678,Ses01F_script02_2,Ses01F_script02_2_M020,fru
679,Ses01F_script02_2,Ses01F_script02_2_M021,neu
680,Ses01F_script02_2,Ses01F_script02_2_M022,neu
681,Ses01F_script02_2,Ses01F_script02_2_M023,neu
682,Ses01F_script02_2,Ses01F_script02_2_M024,hap
683,Ses01F_script02_2,Ses01F_script02_2_M025,xxx
684,Ses01F_script02_2,Ses01F_script02_2_M026,hap
685,Ses01F_script02_2,Ses01F_script02_2_M027,oth
686,Ses01F_script02_2,Ses01F_script02_2_M028,xxx
687,Ses01F_script02_2,Ses01F_script02_2_M029,xxx
688,Ses01F_script02_2,Ses01F_script02_2_M030,xxx
689,Ses01F_script02_2,Ses01F_script02_2_M031,fru
690,Ses01F_script02_2,Ses01F_script02_2_M032,fru
691,Ses01F_script02_2,Ses01F_script02_2_M033,neu
692,Ses01F_script02_2,Ses01F_script02_2_M034,xxx
693,Ses01F_script02_2,Ses01F_script02_2_M035,fru
694,Ses01F_script02_2,Ses01F_script02_2_M036,fru
695,Ses01F_script02_2,Ses01F_script02_2_M037,sad
696,Ses01F_script02_2,Ses01F_script02_2_M038,sad
697,Ses01F_script02_2,Ses01F_script02_2_M039,sur
698,Ses01F_script02_2,Ses01F_script02_2_M040,neu
699,Ses01F_script02_2,Ses01F_script02_2_M041,fru
700,Ses01F_script02_2,Ses01F_script02_2_M042,neu
701,Ses01F_script02_2,Ses01F_script02_2_M043,neu
702,Ses01F_script02_2,Ses01F_script02_2_M044,hap
703,Ses01F_script02_2,Ses01F_script02_2_M045,xxx
704,Ses01F_script02_2,Ses01F_script02_2_M046,hap
705,Ses01F_script02_2,Ses01F_script02_2_M047,neu
706,Ses01F_script02_2,Ses01F_script02_2_M048,neu
707,Ses01F_script02_2,Ses01F_script02_2_M049,hap
708,Ses01F_script03_1,Ses01F_script03_1_F000,fea
709,Ses01F_script03_1,Ses01F_script03_1_F001,fea
710,Ses01F_script03_1,Ses01F_script03_1_F002,fea
711,Ses01F_script03_1,Ses01F_script03_1_F003,xxx
712,Ses01F_script03_1,Ses01F_script03_1_F004,xxx
713,Ses01F_script03_1,Ses01F_script03_1_F005,hap
714,Ses01F_script03_1,Ses01F_script03_1_F006,exc
715,Ses01F_script03_1,Ses01F_script03_1_F007,exc
716,Ses01F_script03_1,Ses01F_script03_1_F008,xxx
717,Ses01F_script03_1,Ses01F_script03_1_F009,xxx
718,Ses01F_script03_1,Ses01F_script03_1_F010,hap
719,Ses01F_script03_1,Ses01F_script03_1_F011,hap
720,Ses01F_script03_1,Ses01F_script03_1_F012,exc
721,Ses01F_script03_1,Ses01F_script03_1_F013,xxx
722,Ses01F_script03_1,Ses01F_script03_1_F014,xxx
723,Ses01F_script03_1,Ses01F_script03_1_F015,xxx
724,Ses01F_script03_1,Ses01F_script03_1_F016,xxx
725,Ses01F_script03_1,Ses01F_script03_1_F017,xxx
726,Ses01F_script03_1,Ses01F_script03_1_F018,xxx
727,Ses01F_script03_1,Ses01F_script03_1_F019,xxx
728,Ses01F_script03_1,Ses01F_script03_1_F020,hap
729,Ses01F_script03_1,Ses01F_script03_1_F021,hap
730,Ses01F_script03_1,Ses01F_script03_1_F022,hap
731,Ses01F_script03_1,Ses01F_script03_1_F023,xxx
732,Ses01F_script03_1,Ses01F_script03_1_F024,exc
733,Ses01F_script03_1,Ses01F_script03_1_F025,xxx
734,Ses01F_script03_1,Ses01F_script03_1_F026,xxx
735,Ses01F_script03_1,Ses01F_script03_1_F027,xxx
736,Ses01F_script03_1,Ses01F_script03_1_F028,xxx
737,Ses01F_script03_1,Ses01F_script03_1_F029,hap
738,Ses01F_script03_1,Ses01F_script03_1_F030,hap
739,Ses01F_script03_1,Ses01F_script03_1_F031,xxx
740,Ses01F_script03_1,Ses01F_script03_1_M000,fea
741,Ses01F_script03_1,Ses01F_script03_1_M001,fea
742,Ses01F_script03_1,Ses01F_script03_1_M002,fea
743,Ses01F_script03_1,Ses01F_script03_1_M003,fea
744,Ses01F_script03_1,Ses01F_script03_1_M004,xxx
745,Ses01F_script03_1,Ses01F_script03_1_M005,exc
746,Ses01F_script03_1,Ses01F_script03_1_M006,xxx
747,Ses01F_script03_1,Ses01F_script03_1_M007,hap
748,Ses01F_script03_1,Ses01F_script03_1_M008,hap
749,Ses01F_script03_1,Ses01F_script03_1_M009,hap
750,Ses01F_script03_1,Ses01F_script03_1_M010,hap
751,Ses01F_script03_1,Ses01F_script03_1_M011,xxx
752,Ses01F_script03_1,Ses01F_script03_1_M012,xxx
753,Ses01F_script03_1,Ses01F_script03_1_M013,hap
754,Ses01F_script03_1,Ses01F_script03_1_M014,xxx
755,Ses01F_script03_1,Ses01F_script03_1_M015,xxx
756,Ses01F_script03_1,Ses01F_script03_1_M016,xxx
757,Ses01F_script03_1,Ses01F_script03_1_M017,xxx
758,Ses01F_script03_1,Ses01F_script03_1_M018,hap
759,Ses01F_script03_1,Ses01F_script03_1_M019,xxx
760,Ses01F_script03_1,Ses01F_script03_1_M020,xxx
761,Ses01F_script03_1,Ses01F_script03_1_M021,exc
762,Ses01F_script03_1,Ses01F_script03_1_M022,xxx
763,Ses01F_script03_1,Ses01F_script03_1_M023,xxx
764,Ses01F_script03_1,Ses01F_script03_1_M024,exc
765,Ses01F_script03_1,Ses01F_script03_1_M025,hap
766,Ses01F_script03_1,Ses01F_script03_1_M026,hap
767,Ses01F_script03_1,Ses01F_script03_1_M027,xxx
768,Ses01F_script03_1,Ses01F_script03_1_M028,xxx
769,Ses01F_script03_1,Ses01F_script03_1_M029,xxx
770,Ses01F_script03_1,Ses01F_script03_1_M030,dis
771,Ses01F_script03_1,Ses01F_script03_1_M031,xxx
772,Ses01F_script03_1,Ses01F_script03_1_M032,xxx
773,Ses01F_script03_1,Ses01F_script03_1_M033,xxx
774,Ses01F_script03_1,Ses01F_script03_1_M034,hap
775,Ses01F_script03_1,Ses01F_script03_1_M035,xxx
776,Ses01F_script03_1,Ses01F_script03_1_M036,hap
777,Ses01F_script03_1,Ses01F_script03_1_M037,hap
778,Ses01F_script03_1,Ses01F_script03_1_M038,xxx
779,Ses01F_script03_2,Ses01F_script03_2_F000,hap
780,Ses01F_script03_2,Ses01F_script03_2_F001,hap
781,Ses01F_script03_2,Ses01F_script03_2_F002,hap
782,Ses01F_script03_2,Ses01F_script03_2_F003,xxx
783,Ses01F_script03_2,Ses01F_script03_2_F004,neu
784,Ses01F_script03_2,Ses01F_script03_2_F005,neu
785,Ses01F_script03_2,Ses01F_script03_2_F006,xxx
786,Ses01F_script03_2,Ses01F_script03_2_F007,xxx
787,Ses01F_script03_2,Ses01F_script03_2_F008,fru
788,Ses01F_script03_2,Ses01F_script03_2_F009,xxx
789,Ses01F_script03_2,Ses01F_script03_2_F010,xxx
790,Ses01F_script03_2,Ses01F_script03_2_F011,xxx
791,Ses01F_script03_2,Ses01F_script03_2_F012,xxx
792,Ses01F_script03_2,Ses01F_script03_2_F013,ang
793,Ses01F_script03_2,Ses01F_script03_2_F014,ang
794,Ses01F_script03_2,Ses01F_script03_2_F015,ang
795,Ses01F_script03_2,Ses01F_script03_2_F016,ang
796,Ses01F_script03_2,Ses01F_script03_2_F017,ang
797,Ses01F_script03_2,Ses01F_script03_2_F018,ang
798,Ses01F_script03_2,Ses01F_script03_2_F019,xxx
799,Ses01F_script03_2,Ses01F_script03_2_F020,xxx
800,Ses01F_script03_2,Ses01F_script03_2_F021,ang
801,Ses01F_script03_2,Ses01F_script03_2_F022,ang
802,Ses01F_script03_2,Ses01F_script03_2_F023,ang
803,Ses01F_script03_2,Ses01F_script03_2_F024,ang
804,Ses01F_script03_2,Ses01F_script03_2_F025,ang
805,Ses01F_script03_2,Ses01F_script03_2_F026,ang
806,Ses01F_script03_2,Ses01F_script03_2_F027,ang
807,Ses01F_script03_2,Ses01F_script03_2_F028,ang
808,Ses01F_script03_2,Ses01F_script03_2_F029,ang
809,Ses01F_script03_2,Ses01F_script03_2_F030,neu
810,Ses01F_script03_2,Ses01F_script03_2_F031,neu
811,Ses01F_script03_2,Ses01F_script03_2_F032,neu
812,Ses01F_script03_2,Ses01F_script03_2_F033,xxx
813,Ses01F_script03_2,Ses01F_script03_2_F034,ang
814,Ses01F_script03_2,Ses01F_script03_2_F035,ang
815,Ses01F_script03_2,Ses01F_script03_2_F036,ang
816,Ses01F_script03_2,Ses01F_script03_2_F037,ang
817,Ses01F_script03_2,Ses01F_script03_2_F038,ang
818,Ses01F_script03_2,Ses01F_script03_2_F039,ang
819,Ses01F_script03_2,Ses01F_script03_2_F040,ang
820,Ses01F_script03_2,Ses01F_script03_2_M000,xxx
821,Ses01F_script03_2,Ses01F_script03_2_M001,neu
822,Ses01F_script03_2,Ses01F_script03_2_M002,neu
823,Ses01F_script03_2,Ses01F_script03_2_M003,xxx
824,Ses01F_script03_2,Ses01F_script03_2_M004,neu
825,Ses01F_script03_2,Ses01F_script03_2_M005,fru
826,Ses01F_script03_2,Ses01F_script03_2_M006,xxx
827,Ses01F_script03_2,Ses01F_script03_2_M007,ang
828,Ses01F_script03_2,Ses01F_script03_2_M008,xxx
829,Ses01F_script03_2,Ses01F_script03_2_M009,fru
830,Ses01F_script03_2,Ses01F_script03_2_M010,neu
831,Ses01F_script03_2,Ses01F_script03_2_M011,neu
832,Ses01F_script03_2,Ses01F_script03_2_M012,fru
833,Ses01F_script03_2,Ses01F_script03_2_M013,fru
834,Ses01F_script03_2,Ses01F_script03_2_M014,ang
835,Ses01F_script03_2,Ses01F_script03_2_M015,fru
836,Ses01F_script03_2,Ses01F_script03_2_M016,neu
837,Ses01F_script03_2,Ses01F_script03_2_M017,xxx
838,Ses01F_script03_2,Ses01F_script03_2_M018,neu
839,Ses01F_script03_2,Ses01F_script03_2_M019,neu
840,Ses01F_script03_2,Ses01F_script03_2_M020,ang
841,Ses01F_script03_2,Ses01F_script03_2_M021,ang
842,Ses01F_script03_2,Ses01F_script03_2_M022,ang
843,Ses01F_script03_2,Ses01F_script03_2_M023,ang
844,Ses01F_script03_2,Ses01F_script03_2_M024,ang
845,Ses01F_script03_2,Ses01F_script03_2_M025,ang
846,Ses01F_script03_2,Ses01F_script03_2_M026,ang
847,Ses01F_script03_2,Ses01F_script03_2_M027,ang
848,Ses01F_script03_2,Ses01F_script03_2_M028,xxx
849,Ses01F_script03_2,Ses01F_script03_2_M029,ang
850,Ses01F_script03_2,Ses01F_script03_2_M030,ang
851,Ses01F_script03_2,Ses01F_script03_2_M031,neu
852,Ses01F_script03_2,Ses01F_script03_2_M032,ang
853,Ses01F_script03_2,Ses01F_script03_2_M033,ang
854,Ses01F_script03_2,Ses01F_script03_2_M034,ang
855,Ses01F_script03_2,Ses01F_script03_2_M035,ang
856,Ses01F_script03_2,Ses01F_script03_2_M036,ang
857,Ses01F_script03_2,Ses01F_script03_2_M037,ang
858,Ses01F_script03_2,Ses01F_script03_2_M038,ang
859,Ses01F_script03_2,Ses01F_script03_2_M039,ang
860,Ses01F_script03_2,Ses01F_script03_2_M040,ang
861,Ses01M_impro01,Ses01M_impro01_F000,ang
862,Ses01M_impro01,Ses01M_impro01_F001,ang
863,Ses01M_impro01,Ses01M_impro01_F002,xxx
864,Ses01M_impro01,Ses01M_impro01_F003,xxx
865,Ses01M_impro01,Ses01M_impro01_F004,fru
866,Ses01M_impro01,Ses01M_impro01_F005,xxx
867,Ses01M_impro01,Ses01M_impro01_F006,xxx
868,Ses01M_impro01,Ses01M_impro01_F007,ang
869,Ses01M_impro01,Ses01M_impro01_F008,ang
870,Ses01M_impro01,Ses01M_impro01_F009,xxx
871,Ses01M_impro01,Ses01M_impro01_F010,fru
872,Ses01M_impro01,Ses01M_impro01_F011,ang
873,Ses01M_impro01,Ses01M_impro01_F012,ang
874,Ses01M_impro01,Ses01M_impro01_F013,xxx
875,Ses01M_impro01,Ses01M_impro01_F014,xxx
876,Ses01M_impro01,Ses01M_impro01_F015,fru
877,Ses01M_impro01,Ses01M_impro01_F016,xxx
878,Ses01M_impro01,Ses01M_impro01_F017,xxx
879,Ses01M_impro01,Ses01M_impro01_F018,xxx
880,Ses01M_impro01,Ses01M_impro01_F019,ang
881,Ses01M_impro01,Ses01M_impro01_F020,ang
882,Ses01M_impro01,Ses01M_impro01_F021,ang
883,Ses01M_impro01,Ses01M_impro01_F022,ang
884,Ses01M_impro01,Ses01M_impro01_F023,xxx
885,Ses01M_impro01,Ses01M_impro01_F024,neu
886,Ses01M_impro01,Ses01M_impro01_F025,neu
887,Ses01M_impro01,Ses01M_impro01_F026,xxx
888,Ses01M_impro01,Ses01M_impro01_F027,xxx
889,Ses01M_impro01,Ses01M_impro01_F028,xxx
890,Ses01M_impro01,Ses01M_impro01_F029,xxx
891,Ses01M_impro01,Ses01M_impro01_F030,xxx
892,Ses01M_impro01,Ses01M_impro01_M000,fru
893,Ses01M_impro01,Ses01M_impro01_M001,fru
894,Ses01M_impro01,Ses01M_impro01_M002,fru
895,Ses01M_impro01,Ses01M_impro01_M003,neu
896,Ses01M_impro01,Ses01M_impro01_M004,xxx
897,Ses01M_impro01,Ses01M_impro01_M005,fru
898,Ses01M_impro01,Ses01M_impro01_M006,fru
899,Ses01M_impro01,Ses01M_impro01_M007,fru
900,Ses01M_impro01,Ses01M_impro01_M008,fru
901,Ses01M_impro01,Ses01M_impro01_M009,fru
902,Ses01M_impro01,Ses01M_impro01_M010,neu
903,Ses01M_impro01,Ses01M_impro01_M011,fru
904,Ses01M_impro01,Ses01M_impro01_M012,fru
905,Ses01M_impro01,Ses01M_impro01_M013,fru
906,Ses01M_impro01,Ses01M_impro01_M014,xxx
907,Ses01M_impro01,Ses01M_impro01_M015,fru
908,Ses01M_impro01,Ses01M_impro01_M016,fru
909,Ses01M_impro01,Ses01M_impro01_M017,fru
910,Ses01M_impro01,Ses01M_impro01_M018,fru
911,Ses01M_impro01,Ses01M_impro01_M019,fru
912,Ses01M_impro01,Ses01M_impro01_M020,ang
913,Ses01M_impro01,Ses01M_impro01_M021,xxx
914,Ses01M_impro01,Ses01M_impro01_M022,fru
915,Ses01M_impro01,Ses01M_impro01_M023,fru
916,Ses01M_impro01,Ses01M_impro01_M024,xxx
917,Ses01M_impro01,Ses01M_impro01_M025,ang
918,Ses01M_impro01,Ses01M_impro01_M026,fru
919,Ses01M_impro01,Ses01M_impro01_M027,fru
920,Ses01M_impro01,Ses01M_impro01_M028,fru
921,Ses01M_impro01,Ses01M_impro01_M029,xxx
922,Ses01M_impro01,Ses01M_impro01_M030,ang
923,Ses01M_impro01,Ses01M_impro01_M031,ang
924,Ses01M_impro01,Ses01M_impro01_M032,ang
925,Ses01M_impro01,Ses01M_impro01_M033,fru
926,Ses01M_impro02,Ses01M_impro02_F000,neu
927,Ses01M_impro02,Ses01M_impro02_F001,xxx
928,Ses01M_impro02,Ses01M_impro02_F002,sur
929,Ses01M_impro02,Ses01M_impro02_F003,fru
930,Ses01M_impro02,Ses01M_impro02_F004,fru
931,Ses01M_impro02,Ses01M_impro02_F005,fru
932,Ses01M_impro02,Ses01M_impro02_F006,fru
933,Ses01M_impro02,Ses01M_impro02_F007,fru
934,Ses01M_impro02,Ses01M_impro02_F008,fru
935,Ses01M_impro02,Ses01M_impro02_F009,sad
936,Ses01M_impro02,Ses01M_impro02_F010,sad
937,Ses01M_impro02,Ses01M_impro02_F011,xxx
938,Ses01M_impro02,Ses01M_impro02_F012,xxx
939,Ses01M_impro02,Ses01M_impro02_F013,sad
940,Ses01M_impro02,Ses01M_impro02_F014,xxx
941,Ses01M_impro02,Ses01M_impro02_F015,sad
942,Ses01M_impro02,Ses01M_impro02_F016,xxx
943,Ses01M_impro02,Ses01M_impro02_F017,sad
944,Ses01M_impro02,Ses01M_impro02_F018,xxx
945,Ses01M_impro02,Ses01M_impro02_F019,sad
946,Ses01M_impro02,Ses01M_impro02_F020,xxx
947,Ses01M_impro02,Ses01M_impro02_F021,xxx
948,Ses01M_impro02,Ses01M_impro02_M000,neu
949,Ses01M_impro02,Ses01M_impro02_M001,sad
950,Ses01M_impro02,Ses01M_impro02_M002,sad
951,Ses01M_impro02,Ses01M_impro02_M003,sad
952,Ses01M_impro02,Ses01M_impro02_M004,xxx
953,Ses01M_impro02,Ses01M_impro02_M005,xxx
954,Ses01M_impro02,Ses01M_impro02_M006,fru
955,Ses01M_impro02,Ses01M_impro02_M007,sad
956,Ses01M_impro02,Ses01M_impro02_M008,xxx
957,Ses01M_impro02,Ses01M_impro02_M009,sad
958,Ses01M_impro02,Ses01M_impro02_M010,sad
959,Ses01M_impro02,Ses01M_impro02_M011,sad
960,Ses01M_impro02,Ses01M_impro02_M012,sad
961,Ses01M_impro02,Ses01M_impro02_M013,sad
962,Ses01M_impro02,Ses01M_impro02_M014,sad
963,Ses01M_impro02,Ses01M_impro02_M015,sad
964,Ses01M_impro02,Ses01M_impro02_M016,sad
965,Ses01M_impro02,Ses01M_impro02_M017,sad
966,Ses01M_impro02,Ses01M_impro02_M018,sad
967,Ses01M_impro02,Ses01M_impro02_M019,sad
968,Ses01M_impro02,Ses01M_impro02_M020,sad
969,Ses01M_impro02,Ses01M_impro02_M021,sad
970,Ses01M_impro02,Ses01M_impro02_M022,sad
971,Ses01M_impro02,Ses01M_impro02_M023,sad
972,Ses01M_impro02,Ses01M_impro02_M024,xxx
973,Ses01M_impro02,Ses01M_impro02_M025,sad
974,Ses01M_impro03,Ses01M_impro03_F000,xxx
975,Ses01M_impro03,Ses01M_impro03_F001,sur
976,Ses01M_impro03,Ses01M_impro03_F002,exc
977,Ses01M_impro03,Ses01M_impro03_F003,exc
978,Ses01M_impro03,Ses01M_impro03_F004,exc
979,Ses01M_impro03,Ses01M_impro03_F005,exc
980,Ses01M_impro03,Ses01M_impro03_F006,exc
981,Ses01M_impro03,Ses01M_impro03_F007,exc
982,Ses01M_impro03,Ses01M_impro03_F008,exc
983,Ses01M_impro03,Ses01M_impro03_F009,exc
984,Ses01M_impro03,Ses01M_impro03_F010,exc
985,Ses01M_impro03,Ses01M_impro03_F011,exc
986,Ses01M_impro03,Ses01M_impro03_F012,exc
987,Ses01M_impro03,Ses01M_impro03_F013,exc
988,Ses01M_impro03,Ses01M_impro03_F014,exc
989,Ses01M_impro03,Ses01M_impro03_F015,exc
990,Ses01M_impro03,Ses01M_impro03_F016,exc
991,Ses01M_impro03,Ses01M_impro03_F017,neu
992,Ses01M_impro03,Ses01M_impro03_F018,neu
993,Ses01M_impro03,Ses01M_impro03_F019,exc
994,Ses01M_impro03,Ses01M_impro03_F020,exc
995,Ses01M_impro03,Ses01M_impro03_F021,neu
996,Ses01M_impro03,Ses01M_impro03_F022,exc
997,Ses01M_impro03,Ses01M_impro03_F023,exc
998,Ses01M_impro03,Ses01M_impro03_F024,exc
999,Ses01M_impro03,Ses01M_impro03_F025,exc
1000,Ses01M_impro03,Ses01M_impro03_F026,exc
1001,Ses01M_impro03,Ses01M_impro03_M000,exc
1002,Ses01M_impro03,Ses01M_impro03_M001,exc
1003,Ses01M_impro03,Ses01M_impro03_M002,xxx
1004,Ses01M_impro03,Ses01M_impro03_M003,neu
1005,Ses01M_impro03,Ses01M_impro03_M004,exc
1006,Ses01M_impro03,Ses01M_impro03_M005,exc
1007,Ses01M_impro03,Ses01M_impro03_M006,neu
1008,Ses01M_impro03,Ses01M_impro03_M007,exc
1009,Ses01M_impro03,Ses01M_impro03_M008,exc
1010,Ses01M_impro03,Ses01M_impro03_M009,xxx
1011,Ses01M_impro03,Ses01M_impro03_M010,exc
1012,Ses01M_impro03,Ses01M_impro03_M011,exc
1013,Ses01M_impro03,Ses01M_impro03_M012,exc
1014,Ses01M_impro03,Ses01M_impro03_M013,exc
1015,Ses01M_impro03,Ses01M_impro03_M014,neu
1016,Ses01M_impro03,Ses01M_impro03_M015,exc
1017,Ses01M_impro03,Ses01M_impro03_M016,exc
1018,Ses01M_impro03,Ses01M_impro03_M017,exc
1019,Ses01M_impro03,Ses01M_impro03_M018,neu
1020,Ses01M_impro03,Ses01M_impro03_M019,exc
1021,Ses01M_impro03,Ses01M_impro03_M020,exc
1022,Ses01M_impro03,Ses01M_impro03_M021,neu
1023,Ses01M_impro03,Ses01M_impro03_M022,exc
1024,Ses01M_impro03,Ses01M_impro03_M023,exc
1025,Ses01M_impro03,Ses01M_impro03_M024,exc
1026,Ses01M_impro03,Ses01M_impro03_M025,xxx
1027,Ses01M_impro04,Ses01M_impro04_F000,neu
1028,Ses01M_impro04,Ses01M_impro04_F001,xxx
1029,Ses01M_impro04,Ses01M_impro04_F002,neu
1030,Ses01M_impro04,Ses01M_impro04_F003,neu
1031,Ses01M_impro04,Ses01M_impro04_F004,neu
1032,Ses01M_impro04,Ses01M_impro04_F005,neu
1033,Ses01M_impro04,Ses01M_impro04_F006,neu
1034,Ses01M_impro04,Ses01M_impro04_F007,neu
1035,Ses01M_impro04,Ses01M_impro04_F008,neu
1036,Ses01M_impro04,Ses01M_impro04_F009,neu
1037,Ses01M_impro04,Ses01M_impro04_F010,neu
1038,Ses01M_impro04,Ses01M_impro04_F011,neu
1039,Ses01M_impro04,Ses01M_impro04_F012,neu
1040,Ses01M_impro04,Ses01M_impro04_F013,neu
1041,Ses01M_impro04,Ses01M_impro04_F014,neu
1042,Ses01M_impro04,Ses01M_impro04_F015,neu
1043,Ses01M_impro04,Ses01M_impro04_F016,neu
1044,Ses01M_impro04,Ses01M_impro04_F017,neu
1045,Ses01M_impro04,Ses01M_impro04_F018,neu
1046,Ses01M_impro04,Ses01M_impro04_F019,neu
1047,Ses01M_impro04,Ses01M_impro04_F020,neu
1048,Ses01M_impro04,Ses01M_impro04_F021,neu
1049,Ses01M_impro04,Ses01M_impro04_F022,neu
1050,Ses01M_impro04,Ses01M_impro04_F023,neu
1051,Ses01M_impro04,Ses01M_impro04_F024,fru
1052,Ses01M_impro04,Ses01M_impro04_F025,neu
1053,Ses01M_impro04,Ses01M_impro04_M000,xxx
1054,Ses01M_impro04,Ses01M_impro04_M001,fru
1055,Ses01M_impro04,Ses01M_impro04_M002,fru
1056,Ses01M_impro04,Ses01M_impro04_M003,fru
1057,Ses01M_impro04,Ses01M_impro04_M004,fru
1058,Ses01M_impro04,Ses01M_impro04_M005,fru
1059,Ses01M_impro04,Ses01M_impro04_M006,xxx
1060,Ses01M_impro04,Ses01M_impro04_M007,xxx
1061,Ses01M_impro04,Ses01M_impro04_M008,fru
1062,Ses01M_impro04,Ses01M_impro04_M009,fru
1063,Ses01M_impro04,Ses01M_impro04_M010,fru
1064,Ses01M_impro04,Ses01M_impro04_M011,fru
1065,Ses01M_impro04,Ses01M_impro04_M012,fru
1066,Ses01M_impro04,Ses01M_impro04_M013,fru
1067,Ses01M_impro04,Ses01M_impro04_M014,ang
1068,Ses01M_impro04,Ses01M_impro04_M015,fru
1069,Ses01M_impro04,Ses01M_impro04_M016,fru
1070,Ses01M_impro04,Ses01M_impro04_M017,fru
1071,Ses01M_impro04,Ses01M_impro04_M018,ang
1072,Ses01M_impro04,Ses01M_impro04_M019,xxx
1073,Ses01M_impro04,Ses01M_impro04_M020,fru
1074,Ses01M_impro04,Ses01M_impro04_M021,xxx
1075,Ses01M_impro04,Ses01M_impro04_M022,fru
1076,Ses01M_impro04,Ses01M_impro04_M023,ang
1077,Ses01M_impro04,Ses01M_impro04_M024,fru
1078,Ses01M_impro04,Ses01M_impro04_M025,neu
1079,Ses01M_impro05,Ses01M_impro05_F000,neu
1080,Ses01M_impro05,Ses01M_impro05_F001,neu
1081,Ses01M_impro05,Ses01M_impro05_F002,neu
1082,Ses01M_impro05,Ses01M_impro05_F003,neu
1083,Ses01M_impro05,Ses01M_impro05_F004,neu
1084,Ses01M_impro05,Ses01M_impro05_F005,neu
1085,Ses01M_impro05,Ses01M_impro05_F006,neu
1086,Ses01M_impro05,Ses01M_impro05_F007,neu
1087,Ses01M_impro05,Ses01M_impro05_F008,fru
1088,Ses01M_impro05,Ses01M_impro05_F009,xxx
1089,Ses01M_impro05,Ses01M_impro05_F010,xxx
1090,Ses01M_impro05,Ses01M_impro05_F011,neu
1091,Ses01M_impro05,Ses01M_impro05_F012,neu
1092,Ses01M_impro05,Ses01M_impro05_F013,neu
1093,Ses01M_impro05,Ses01M_impro05_F014,neu
1094,Ses01M_impro05,Ses01M_impro05_F015,neu
1095,Ses01M_impro05,Ses01M_impro05_F016,neu
1096,Ses01M_impro05,Ses01M_impro05_F017,neu
1097,Ses01M_impro05,Ses01M_impro05_F018,neu
1098,Ses01M_impro05,Ses01M_impro05_F019,neu
1099,Ses01M_impro05,Ses01M_impro05_F020,neu
1100,Ses01M_impro05,Ses01M_impro05_F021,neu
1101,Ses01M_impro05,Ses01M_impro05_F022,neu
1102,Ses01M_impro05,Ses01M_impro05_F023,neu
1103,Ses01M_impro05,Ses01M_impro05_F024,neu
1104,Ses01M_impro05,Ses01M_impro05_F025,neu
1105,Ses01M_impro05,Ses01M_impro05_F026,neu
1106,Ses01M_impro05,Ses01M_impro05_F027,neu
1107,Ses01M_impro05,Ses01M_impro05_F028,neu
1108,Ses01M_impro05,Ses01M_impro05_F029,neu
1109,Ses01M_impro05,Ses01M_impro05_F030,neu
1110,Ses01M_impro05,Ses01M_impro05_F031,neu
1111,Ses01M_impro05,Ses01M_impro05_F032,neu
1112,Ses01M_impro05,Ses01M_impro05_F033,neu
1113,Ses01M_impro05,Ses01M_impro05_F034,neu
1114,Ses01M_impro05,Ses01M_impro05_F035,fru
1115,Ses01M_impro05,Ses01M_impro05_F036,xxx
1116,Ses01M_impro05,Ses01M_impro05_F037,xxx
1117,Ses01M_impro05,Ses01M_impro05_M000,fru
1118,Ses01M_impro05,Ses01M_impro05_M001,fru
1119,Ses01M_impro05,Ses01M_impro05_M002,fru
1120,Ses01M_impro05,Ses01M_impro05_M003,xxx
1121,Ses01M_impro05,Ses01M_impro05_M004,ang
1122,Ses01M_impro05,Ses01M_impro05_M005,ang
1123,Ses01M_impro05,Ses01M_impro05_M006,ang
1124,Ses01M_impro05,Ses01M_impro05_M007,ang
1125,Ses01M_impro05,Ses01M_impro05_M008,ang
1126,Ses01M_impro05,Ses01M_impro05_M009,fru
1127,Ses01M_impro05,Ses01M_impro05_M010,fru
1128,Ses01M_impro05,Ses01M_impro05_M011,xxx
1129,Ses01M_impro05,Ses01M_impro05_M012,xxx
1130,Ses01M_impro05,Ses01M_impro05_M013,xxx
1131,Ses01M_impro05,Ses01M_impro05_M014,xxx
1132,Ses01M_impro05,Ses01M_impro05_M015,neu
1133,Ses01M_impro05,Ses01M_impro05_M016,xxx
1134,Ses01M_impro05,Ses01M_impro05_M017,xxx
1135,Ses01M_impro05,Ses01M_impro05_M018,fru
1136,Ses01M_impro05,Ses01M_impro05_M019,xxx
1137,Ses01M_impro05,Ses01M_impro05_M020,ang
1138,Ses01M_impro05,Ses01M_impro05_M021,ang
1139,Ses01M_impro05,Ses01M_impro05_M022,ang
1140,Ses01M_impro05,Ses01M_impro05_M023,ang
1141,Ses01M_impro05,Ses01M_impro05_M024,ang
1142,Ses01M_impro05,Ses01M_impro05_M025,ang
1143,Ses01M_impro05,Ses01M_impro05_M026,ang
1144,Ses01M_impro05,Ses01M_impro05_M027,ang
1145,Ses01M_impro05,Ses01M_impro05_M028,ang
1146,Ses01M_impro05,Ses01M_impro05_M029,xxx
1147,Ses01M_impro05,Ses01M_impro05_M030,fru
1148,Ses01M_impro05,Ses01M_impro05_M031,ang
1149,Ses01M_impro06,Ses01M_impro06_F000,neu
1150,Ses01M_impro06,Ses01M_impro06_F001,neu
1151,Ses01M_impro06,Ses01M_impro06_F002,neu
1152,Ses01M_impro06,Ses01M_impro06_F003,sad
1153,Ses01M_impro06,Ses01M_impro06_F004,sad
1154,Ses01M_impro06,Ses01M_impro06_F005,sad
1155,Ses01M_impro06,Ses01M_impro06_F006,sad
1156,Ses01M_impro06,Ses01M_impro06_F007,neu
1157,Ses01M_impro06,Ses01M_impro06_F008,neu
1158,Ses01M_impro06,Ses01M_impro06_F009,neu
1159,Ses01M_impro06,Ses01M_impro06_F010,neu
1160,Ses01M_impro06,Ses01M_impro06_F011,neu
1161,Ses01M_impro06,Ses01M_impro06_F012,neu
1162,Ses01M_impro06,Ses01M_impro06_F013,neu
1163,Ses01M_impro06,Ses01M_impro06_F014,neu
1164,Ses01M_impro06,Ses01M_impro06_F015,neu
1165,Ses01M_impro06,Ses01M_impro06_F016,neu
1166,Ses01M_impro06,Ses01M_impro06_F017,neu
1167,Ses01M_impro06,Ses01M_impro06_F018,neu
1168,Ses01M_impro06,Ses01M_impro06_F019,neu
1169,Ses01M_impro06,Ses01M_impro06_F020,neu
1170,Ses01M_impro06,Ses01M_impro06_F021,neu
1171,Ses01M_impro06,Ses01M_impro06_F022,neu
1172,Ses01M_impro06,Ses01M_impro06_F023,neu
1173,Ses01M_impro06,Ses01M_impro06_F024,neu
1174,Ses01M_impro06,Ses01M_impro06_F025,neu
1175,Ses01M_impro06,Ses01M_impro06_F026,neu
1176,Ses01M_impro06,Ses01M_impro06_F027,neu
1177,Ses01M_impro06,Ses01M_impro06_F028,neu
1178,Ses01M_impro06,Ses01M_impro06_M000,sad
1179,Ses01M_impro06,Ses01M_impro06_M001,sad
1180,Ses01M_impro06,Ses01M_impro06_M002,sad
1181,Ses01M_impro06,Ses01M_impro06_M003,sad
1182,Ses01M_impro06,Ses01M_impro06_M004,sad
1183,Ses01M_impro06,Ses01M_impro06_M005,sad
1184,Ses01M_impro06,Ses01M_impro06_M006,sad
1185,Ses01M_impro06,Ses01M_impro06_M007,sad
1186,Ses01M_impro06,Ses01M_impro06_M008,sad
1187,Ses01M_impro06,Ses01M_impro06_M009,sad
1188,Ses01M_impro06,Ses01M_impro06_M010,sad
1189,Ses01M_impro06,Ses01M_impro06_M011,sad
1190,Ses01M_impro06,Ses01M_impro06_M012,sad
1191,Ses01M_impro06,Ses01M_impro06_M013,sad
1192,Ses01M_impro06,Ses01M_impro06_M014,sad
1193,Ses01M_impro06,Ses01M_impro06_M015,sad
1194,Ses01M_impro06,Ses01M_impro06_M016,sad
1195,Ses01M_impro06,Ses01M_impro06_M017,sad
1196,Ses01M_impro06,Ses01M_impro06_M018,sad
1197,Ses01M_impro06,Ses01M_impro06_M019,sad
1198,Ses01M_impro06,Ses01M_impro06_M020,sad
1199,Ses01M_impro06,Ses01M_impro06_M021,sad
1200,Ses01M_impro06,Ses01M_impro06_M022,sad
1201,Ses01M_impro06,Ses01M_impro06_M023,sad
1202,Ses01M_impro06,Ses01M_impro06_M024,sad
1203,Ses01M_impro06,Ses01M_impro06_M025,sad
1204,Ses01M_impro06,Ses01M_impro06_M026,sad
1205,Ses01M_impro06,Ses01M_impro06_M027,sad
1206,Ses01M_impro06,Ses01M_impro06_M028,sad
1207,Ses01M_impro06,Ses01M_impro06_M029,sad
1208,Ses01M_impro06,Ses01M_impro06_M030,sad
1209,Ses01M_impro07,Ses01M_impro07_F000,neu
1210,Ses01M_impro07,Ses01M_impro07_F001,exc
1211,Ses01M_impro07,Ses01M_impro07_F002,xxx
1212,Ses01M_impro07,Ses01M_impro07_F003,exc
1213,Ses01M_impro07,Ses01M_impro07_F004,exc
1214,Ses01M_impro07,Ses01M_impro07_F005,exc
1215,Ses01M_impro07,Ses01M_impro07_F006,exc
1216,Ses01M_impro07,Ses01M_impro07_F007,exc
1217,Ses01M_impro07,Ses01M_impro07_F008,exc
1218,Ses01M_impro07,Ses01M_impro07_F009,exc
1219,Ses01M_impro07,Ses01M_impro07_F010,neu
1220,Ses01M_impro07,Ses01M_impro07_F011,exc
1221,Ses01M_impro07,Ses01M_impro07_F012,neu
1222,Ses01M_impro07,Ses01M_impro07_F013,exc
1223,Ses01M_impro07,Ses01M_impro07_F014,exc
1224,Ses01M_impro07,Ses01M_impro07_F015,exc
1225,Ses01M_impro07,Ses01M_impro07_F016,exc
1226,Ses01M_impro07,Ses01M_impro07_F017,xxx
1227,Ses01M_impro07,Ses01M_impro07_F018,exc
1228,Ses01M_impro07,Ses01M_impro07_F019,xxx
1229,Ses01M_impro07,Ses01M_impro07_F020,neu
1230,Ses01M_impro07,Ses01M_impro07_F021,exc
1231,Ses01M_impro07,Ses01M_impro07_F022,exc
1232,Ses01M_impro07,Ses01M_impro07_F023,exc
1233,Ses01M_impro07,Ses01M_impro07_F024,exc
1234,Ses01M_impro07,Ses01M_impro07_F025,exc
1235,Ses01M_impro07,Ses01M_impro07_F026,exc
1236,Ses01M_impro07,Ses01M_impro07_F027,exc
1237,Ses01M_impro07,Ses01M_impro07_F028,xxx
1238,Ses01M_impro07,Ses01M_impro07_F029,xxx
1239,Ses01M_impro07,Ses01M_impro07_F030,xxx
1240,Ses01M_impro07,Ses01M_impro07_F031,xxx
1241,Ses01M_impro07,Ses01M_impro07_F032,xxx
1242,Ses01M_impro07,Ses01M_impro07_F033,hap
1243,Ses01M_impro07,Ses01M_impro07_F034,hap
1244,Ses01M_impro07,Ses01M_impro07_M000,exc
1245,Ses01M_impro07,Ses01M_impro07_M001,exc
1246,Ses01M_impro07,Ses01M_impro07_M002,exc
1247,Ses01M_impro07,Ses01M_impro07_M003,exc
1248,Ses01M_impro07,Ses01M_impro07_M004,exc
1249,Ses01M_impro07,Ses01M_impro07_M005,exc
1250,Ses01M_impro07,Ses01M_impro07_M006,hap
1251,Ses01M_impro07,Ses01M_impro07_M007,exc
1252,Ses01M_impro07,Ses01M_impro07_M008,exc
1253,Ses01M_impro07,Ses01M_impro07_M009,exc
1254,Ses01M_impro07,Ses01M_impro07_M010,exc
1255,Ses01M_impro07,Ses01M_impro07_M011,hap
1256,Ses01M_impro07,Ses01M_impro07_M012,xxx
1257,Ses01M_impro07,Ses01M_impro07_M013,hap
1258,Ses01M_impro07,Ses01M_impro07_M014,xxx
1259,Ses01M_impro07,Ses01M_impro07_M015,xxx
1260,Ses01M_impro07,Ses01M_impro07_M016,xxx
1261,Ses01M_impro07,Ses01M_impro07_M017,hap
1262,Ses01M_impro07,Ses01M_impro07_M018,exc
1263,Ses01M_impro07,Ses01M_impro07_M019,hap
1264,Ses01M_impro07,Ses01M_impro07_M020,neu
1265,Ses01M_impro07,Ses01M_impro07_M021,sur
1266,Ses01M_impro07,Ses01M_impro07_M022,sur
1267,Ses01M_impro07,Ses01M_impro07_M023,xxx
1268,Ses01M_impro07,Ses01M_impro07_M024,exc
1269,Ses01M_impro07,Ses01M_impro07_M025,xxx
1270,Ses01M_impro07,Ses01M_impro07_M026,neu
1271,Ses01M_impro07,Ses01M_impro07_M027,xxx
1272,Ses01M_impro07,Ses01M_impro07_M028,xxx
1273,Ses01M_impro07,Ses01M_impro07_M029,xxx
1274,Ses01M_impro07,Ses01M_impro07_M030,neu
1275,Ses01M_impro07,Ses01M_impro07_M031,xxx
1276,Ses01M_impro07,Ses01M_impro07_M032,hap
1277,Ses01M_impro07,Ses01M_impro07_M033,hap
1278,Ses01M_script01_1,Ses01M_script01_1_F000,fru
1279,Ses01M_script01_1,Ses01M_script01_1_F001,sur
1280,Ses01M_script01_1,Ses01M_script01_1_F002,sur
1281,Ses01M_script01_1,Ses01M_script01_1_F003,sur
1282,Ses01M_script01_1,Ses01M_script01_1_F004,sad
1283,Ses01M_script01_1,Ses01M_script01_1_F005,sad
1284,Ses01M_script01_1,Ses01M_script01_1_F006,sad
1285,Ses01M_script01_1,Ses01M_script01_1_F007,fru
1286,Ses01M_script01_1,Ses01M_script01_1_F008,ang
1287,Ses01M_script01_1,Ses01M_script01_1_F009,xxx
1288,Ses01M_script01_1,Ses01M_script01_1_F010,sur
1289,Ses01M_script01_1,Ses01M_script01_1_F011,ang
1290,Ses01M_script01_1,Ses01M_script01_1_F012,fru
1291,Ses01M_script01_1,Ses01M_script01_1_F013,xxx
1292,Ses01M_script01_1,Ses01M_script01_1_F014,ang
1293,Ses01M_script01_1,Ses01M_script01_1_F015,ang
1294,Ses01M_script01_1,Ses01M_script01_1_F016,ang
1295,Ses01M_script01_1,Ses01M_script01_1_F017,ang
1296,Ses01M_script01_1,Ses01M_script01_1_F018,xxx
1297,Ses01M_script01_1,Ses01M_script01_1_F019,fru
1298,Ses01M_script01_1,Ses01M_script01_1_F020,ang
1299,Ses01M_script01_1,Ses01M_script01_1_F021,xxx
1300,Ses01M_script01_1,Ses01M_script01_1_F022,fru
1301,Ses01M_script01_1,Ses01M_script01_1_F023,ang
1302,Ses01M_script01_1,Ses01M_script01_1_F024,ang
1303,Ses01M_script01_1,Ses01M_script01_1_F025,neu
1304,Ses01M_script01_1,Ses01M_script01_1_F026,neu
1305,Ses01M_script01_1,Ses01M_script01_1_F027,fru
1306,Ses01M_script01_1,Ses01M_script01_1_F028,fru
1307,Ses01M_script01_1,Ses01M_script01_1_F029,ang
1308,Ses01M_script01_1,Ses01M_script01_1_F030,ang
1309,Ses01M_script01_1,Ses01M_script01_1_F031,sad
1310,Ses01M_script01_1,Ses01M_script01_1_F032,ang
1311,Ses01M_script01_1,Ses01M_script01_1_F033,xxx
1312,Ses01M_script01_1,Ses01M_script01_1_F034,sur
1313,Ses01M_script01_1,Ses01M_script01_1_F035,ang
1314,Ses01M_script01_1,Ses01M_script01_1_F036,ang
1315,Ses01M_script01_1,Ses01M_script01_1_F037,ang
1316,Ses01M_script01_1,Ses01M_script01_1_F038,xxx
1317,Ses01M_script01_1,Ses01M_script01_1_F039,ang
1318,Ses01M_script01_1,Ses01M_script01_1_F040,ang
1319,Ses01M_script01_1,Ses01M_script01_1_F041,ang
1320,Ses01M_script01_1,Ses01M_script01_1_F042,ang
1321,Ses01M_script01_1,Ses01M_script01_1_F043,ang
1322,Ses01M_script01_1,Ses01M_script01_1_M000,neu
1323,Ses01M_script01_1,Ses01M_script01_1_M001,xxx
1324,Ses01M_script01_1,Ses01M_script01_1_M002,neu
1325,Ses01M_script01_1,Ses01M_script01_1_M003,sad
1326,Ses01M_script01_1,Ses01M_script01_1_M004,sad
1327,Ses01M_script01_1,Ses01M_script01_1_M005,sad
1328,Ses01M_script01_1,Ses01M_script01_1_M006,sad
1329,Ses01M_script01_1,Ses01M_script01_1_M007,sad
1330,Ses01M_script01_1,Ses01M_script01_1_M008,fru
1331,Ses01M_script01_1,Ses01M_script01_1_M009,xxx
1332,Ses01M_script01_1,Ses01M_script01_1_M010,fru
1333,Ses01M_script01_1,Ses01M_script01_1_M011,fru
1334,Ses01M_script01_1,Ses01M_script01_1_M012,fru
1335,Ses01M_script01_1,Ses01M_script01_1_M013,fru
1336,Ses01M_script01_1,Ses01M_script01_1_M014,fru
1337,Ses01M_script01_1,Ses01M_script01_1_M015,fru
1338,Ses01M_script01_1,Ses01M_script01_1_M016,xxx
1339,Ses01M_script01_1,Ses01M_script01_1_M017,neu
1340,Ses01M_script01_1,Ses01M_script01_1_M018,fru
1341,Ses01M_script01_1,Ses01M_script01_1_M019,fru
1342,Ses01M_script01_1,Ses01M_script01_1_M020,ang
1343,Ses01M_script01_1,Ses01M_script01_1_M021,ang
1344,Ses01M_script01_1,Ses01M_script01_1_M022,fru
1345,Ses01M_script01_1,Ses01M_script01_1_M023,ang
1346,Ses01M_script01_1,Ses01M_script01_1_M024,sad
1347,Ses01M_script01_1,Ses01M_script01_1_M025,xxx
1348,Ses01M_script01_1,Ses01M_script01_1_M026,fru
1349,Ses01M_script01_1,Ses01M_script01_1_M027,fru
1350,Ses01M_script01_1,Ses01M_script01_1_M028,fru
1351,Ses01M_script01_1,Ses01M_script01_1_M029,xxx
1352,Ses01M_script01_1,Ses01M_script01_1_M030,fru
1353,Ses01M_script01_1,Ses01M_script01_1_M031,fru
1354,Ses01M_script01_1,Ses01M_script01_1_M032,fru
1355,Ses01M_script01_1,Ses01M_script01_1_M033,xxx
1356,Ses01M_script01_1,Ses01M_script01_1_M034,ang
1357,Ses01M_script01_1,Ses01M_script01_1_M035,ang
1358,Ses01M_script01_1,Ses01M_script01_1_M036,fru
1359,Ses01M_script01_1,Ses01M_script01_1_M037,neu
1360,Ses01M_script01_1,Ses01M_script01_1_M038,sad
1361,Ses01M_script01_1,Ses01M_script01_1_M039,xxx
1362,Ses01M_script01_1,Ses01M_script01_1_M040,sad
1363,Ses01M_script01_1,Ses01M_script01_1_M041,ang
1364,Ses01M_script01_1,Ses01M_script01_1_M042,sad
1365,Ses01M_script01_2,Ses01M_script01_2_F000,ang
1366,Ses01M_script01_2,Ses01M_script01_2_F001,ang
1367,Ses01M_script01_2,Ses01M_script01_2_F002,xxx
1368,Ses01M_script01_2,Ses01M_script01_2_F003,xxx
1369,Ses01M_script01_2,Ses01M_script01_2_F004,ang
1370,Ses01M_script01_2,Ses01M_script01_2_F005,ang
1371,Ses01M_script01_2,Ses01M_script01_2_F006,xxx
1372,Ses01M_script01_2,Ses01M_script01_2_F007,xxx
1373,Ses01M_script01_2,Ses01M_script01_2_F008,fru
1374,Ses01M_script01_2,Ses01M_script01_2_F009,ang
1375,Ses01M_script01_2,Ses01M_script01_2_F010,xxx
1376,Ses01M_script01_2,Ses01M_script01_2_F011,ang
1377,Ses01M_script01_2,Ses01M_script01_2_F012,ang
1378,Ses01M_script01_2,Ses01M_script01_2_F013,ang
1379,Ses01M_script01_2,Ses01M_script01_2_F014,xxx
1380,Ses01M_script01_2,Ses01M_script01_2_M000,neu
1381,Ses01M_script01_2,Ses01M_script01_2_M001,neu
1382,Ses01M_script01_2,Ses01M_script01_2_M002,fru
1383,Ses01M_script01_2,Ses01M_script01_2_M003,fru
1384,Ses01M_script01_2,Ses01M_script01_2_M004,fru
1385,Ses01M_script01_2,Ses01M_script01_2_M005,fru
1386,Ses01M_script01_2,Ses01M_script01_2_M006,fru
1387,Ses01M_script01_2,Ses01M_script01_2_M007,neu
1388,Ses01M_script01_2,Ses01M_script01_2_M008,fru
1389,Ses01M_script01_2,Ses01M_script01_2_M009,fru
1390,Ses01M_script01_2,Ses01M_script01_2_M010,fru
1391,Ses01M_script01_2,Ses01M_script01_2_M011,fru
1392,Ses01M_script01_2,Ses01M_script01_2_M012,fru
1393,Ses01M_script01_2,Ses01M_script01_2_M013,fru
1394,Ses01M_script01_2,Ses01M_script01_2_M014,fru
1395,Ses01M_script01_2,Ses01M_script01_2_M015,ang
1396,Ses01M_script01_2,Ses01M_script01_2_M016,ang
1397,Ses01M_script01_2,Ses01M_script01_2_M017,ang
1398,Ses01M_script01_3,Ses01M_script01_3_F000,neu
1399,Ses01M_script01_3,Ses01M_script01_3_F001,neu
1400,Ses01M_script01_3,Ses01M_script01_3_F002,xxx
1401,Ses01M_script01_3,Ses01M_script01_3_F003,sad
1402,Ses01M_script01_3,Ses01M_script01_3_F004,neu
1403,Ses01M_script01_3,Ses01M_script01_3_F005,sad
1404,Ses01M_script01_3,Ses01M_script01_3_F006,sad
1405,Ses01M_script01_3,Ses01M_script01_3_F007,xxx
1406,Ses01M_script01_3,Ses01M_script01_3_F008,neu
1407,Ses01M_script01_3,Ses01M_script01_3_F009,xxx
1408,Ses01M_script01_3,Ses01M_script01_3_F010,xxx
1409,Ses01M_script01_3,Ses01M_script01_3_F011,xxx
1410,Ses01M_script01_3,Ses01M_script01_3_F012,neu
1411,Ses01M_script01_3,Ses01M_script01_3_F013,xxx
1412,Ses01M_script01_3,Ses01M_script01_3_F014,exc
1413,Ses01M_script01_3,Ses01M_script01_3_F015,exc
1414,Ses01M_script01_3,Ses01M_script01_3_F016,hap
1415,Ses01M_script01_3,Ses01M_script01_3_F017,xxx
1416,Ses01M_script01_3,Ses01M_script01_3_F018,sad
1417,Ses01M_script01_3,Ses01M_script01_3_F019,sad
1418,Ses01M_script01_3,Ses01M_script01_3_F020,xxx
1419,Ses01M_script01_3,Ses01M_script01_3_F021,sad
1420,Ses01M_script01_3,Ses01M_script01_3_F022,sad
1421,Ses01M_script01_3,Ses01M_script01_3_F023,sad
1422,Ses01M_script01_3,Ses01M_script01_3_F024,sad
1423,Ses01M_script01_3,Ses01M_script01_3_F025,sad
1424,Ses01M_script01_3,Ses01M_script01_3_F026,sad
1425,Ses01M_script01_3,Ses01M_script01_3_F027,xxx
1426,Ses01M_script01_3,Ses01M_script01_3_F028,xxx
1427,Ses01M_script01_3,Ses01M_script01_3_F029,xxx
1428,Ses01M_script01_3,Ses01M_script01_3_F030,hap
1429,Ses01M_script01_3,Ses01M_script01_3_M000,hap
1430,Ses01M_script01_3,Ses01M_script01_3_M001,hap
1431,Ses01M_script01_3,Ses01M_script01_3_M002,sad
1432,Ses01M_script01_3,Ses01M_script01_3_M003,xxx
1433,Ses01M_script01_3,Ses01M_script01_3_M004,neu
1434,Ses01M_script01_3,Ses01M_script01_3_M005,xxx
1435,Ses01M_script01_3,Ses01M_script01_3_M006,neu
1436,Ses01M_script01_3,Ses01M_script01_3_M007,neu
1437,Ses01M_script01_3,Ses01M_script01_3_M008,xxx
1438,Ses01M_script01_3,Ses01M_script01_3_M009,hap
1439,Ses01M_script01_3,Ses01M_script01_3_M010,xxx
1440,Ses01M_script01_3,Ses01M_script01_3_M011,xxx
1441,Ses01M_script01_3,Ses01M_script01_3_M012,xxx
1442,Ses01M_script01_3,Ses01M_script01_3_M013,xxx
1443,Ses01M_script01_3,Ses01M_script01_3_M014,neu
1444,Ses01M_script01_3,Ses01M_script01_3_M015,xxx
1445,Ses01M_script01_3,Ses01M_script01_3_M016,exc
1446,Ses01M_script01_3,Ses01M_script01_3_M017,xxx
1447,Ses01M_script01_3,Ses01M_script01_3_M018,exc
1448,Ses01M_script01_3,Ses01M_script01_3_M019,hap
1449,Ses01M_script01_3,Ses01M_script01_3_M020,sad
1450,Ses01M_script01_3,Ses01M_script01_3_M021,sad
1451,Ses01M_script01_3,Ses01M_script01_3_M022,sad
1452,Ses01M_script01_3,Ses01M_script01_3_M023,sad
1453,Ses01M_script01_3,Ses01M_script01_3_M024,sad
1454,Ses01M_script01_3,Ses01M_script01_3_M025,sad
1455,Ses01M_script01_3,Ses01M_script01_3_M026,sad
1456,Ses01M_script01_3,Ses01M_script01_3_M027,sad
1457,Ses01M_script01_3,Ses01M_script01_3_M028,sad
1458,Ses01M_script01_3,Ses01M_script01_3_M029,sad
1459,Ses01M_script01_3,Ses01M_script01_3_M030,sad
1460,Ses01M_script01_3,Ses01M_script01_3_M031,sad
1461,Ses01M_script01_3,Ses01M_script01_3_M032,sad
1462,Ses01M_script01_3,Ses01M_script01_3_M033,sad
1463,Ses01M_script01_3,Ses01M_script01_3_M034,sad
1464,Ses01M_script01_3,Ses01M_script01_3_M035,sad
1465,Ses01M_script01_3,Ses01M_script01_3_M036,sad
1466,Ses01M_script01_3,Ses01M_script01_3_M037,sad
1467,Ses01M_script01_3,Ses01M_script01_3_M038,sad
1468,Ses01M_script01_3,Ses01M_script01_3_M039,sad
1469,Ses01M_script01_3,Ses01M_script01_3_M040,sad
1470,Ses01M_script01_3,Ses01M_script01_3_M041,sad
1471,Ses01M_script01_3,Ses01M_script01_3_M042,xxx
1472,Ses01M_script01_3,Ses01M_script01_3_M043,hap
1473,Ses01M_script02_1,Ses01M_script02_1_F000,xxx
1474,Ses01M_script02_1,Ses01M_script02_1_F001,fru
1475,Ses01M_script02_1,Ses01M_script02_1_F002,sur
1476,Ses01M_script02_1,Ses01M_script02_1_F003,xxx
1477,Ses01M_script02_1,Ses01M_script02_1_F004,xxx
1478,Ses01M_script02_1,Ses01M_script02_1_F005,ang
1479,Ses01M_script02_1,Ses01M_script02_1_F006,xxx
1480,Ses01M_script02_1,Ses01M_script02_1_F007,neu
1481,Ses01M_script02_1,Ses01M_script02_1_F008,neu
1482,Ses01M_script02_1,Ses01M_script02_1_F009,hap
1483,Ses01M_script02_1,Ses01M_script02_1_F010,fru
1484,Ses01M_script02_1,Ses01M_script02_1_F011,fru
1485,Ses01M_script02_1,Ses01M_script02_1_F012,fru
1486,Ses01M_script02_1,Ses01M_script02_1_F013,fru
1487,Ses01M_script02_1,Ses01M_script02_1_F014,ang
1488,Ses01M_script02_1,Ses01M_script02_1_F015,xxx
1489,Ses01M_script02_1,Ses01M_script02_1_F016,xxx
1490,Ses01M_script02_1,Ses01M_script02_1_F017,ang
1491,Ses01M_script02_1,Ses01M_script02_1_F018,fru
1492,Ses01M_script02_1,Ses01M_script02_1_F019,fru
1493,Ses01M_script02_1,Ses01M_script02_1_F020,fru
1494,Ses01M_script02_1,Ses01M_script02_1_F021,ang
1495,Ses01M_script02_1,Ses01M_script02_1_F022,ang
1496,Ses01M_script02_1,Ses01M_script02_1_F023,ang
1497,Ses01M_script02_1,Ses01M_script02_1_F024,xxx
1498,Ses01M_script02_1,Ses01M_script02_1_M000,exc
1499,Ses01M_script02_1,Ses01M_script02_1_M001,exc
1500,Ses01M_script02_1,Ses01M_script02_1_M002,exc
1501,Ses01M_script02_1,Ses01M_script02_1_M003,xxx
1502,Ses01M_script02_1,Ses01M_script02_1_M004,exc
1503,Ses01M_script02_1,Ses01M_script02_1_M005,exc
1504,Ses01M_script02_1,Ses01M_script02_1_M006,xxx
1505,Ses01M_script02_1,Ses01M_script02_1_M007,neu
1506,Ses01M_script02_1,Ses01M_script02_1_M008,xxx
1507,Ses01M_script02_1,Ses01M_script02_1_M009,neu
1508,Ses01M_script02_1,Ses01M_script02_1_M010,neu
1509,Ses01M_script02_1,Ses01M_script02_1_M011,neu
1510,Ses01M_script02_1,Ses01M_script02_1_M012,xxx
1511,Ses01M_script02_1,Ses01M_script02_1_M013,xxx
1512,Ses01M_script02_1,Ses01M_script02_1_M014,exc
1513,Ses01M_script02_1,Ses01M_script02_1_M015,xxx
1514,Ses01M_script02_1,Ses01M_script02_1_M016,exc
1515,Ses01M_script02_1,Ses01M_script02_1_M017,exc
1516,Ses01M_script02_1,Ses01M_script02_1_M018,xxx
1517,Ses01M_script02_1,Ses01M_script02_1_M019,xxx
1518,Ses01M_script02_1,Ses01M_script02_1_M020,fru
1519,Ses01M_script02_1,Ses01M_script02_1_M021,fru
1520,Ses01M_script02_1,Ses01M_script02_1_M022,neu
1521,Ses01M_script02_1,Ses01M_script02_1_M023,neu
1522,Ses01M_script02_1,Ses01M_script02_1_M024,fru
1523,Ses01M_script02_1,Ses01M_script02_1_M025,xxx
1524,Ses01M_script02_1,Ses01M_script02_1_M026,fru
1525,Ses01M_script02_1,Ses01M_script02_1_M027,fru
1526,Ses01M_script02_1,Ses01M_script02_1_M028,ang
1527,Ses01M_script02_1,Ses01M_script02_1_M029,xxx
1528,Ses01M_script02_1,Ses01M_script02_1_M030,neu
1529,Ses01M_script02_1,Ses01M_script02_1_M031,exc
1530,Ses01M_script02_1,Ses01M_script02_1_M032,exc
1531,Ses01M_script02_1,Ses01M_script02_1_M033,xxx
1532,Ses01M_script02_1,Ses01M_script02_1_M034,fru
1533,Ses01M_script02_1,Ses01M_script02_1_M035,fru
1534,Ses01M_script02_1,Ses01M_script02_1_M036,fru
1535,Ses01M_script02_1,Ses01M_script02_1_M037,neu
1536,Ses01M_script02_1,Ses01M_script02_1_M038,xxx
1537,Ses01M_script02_1,Ses01M_script02_1_M039,neu
1538,Ses01M_script02_1,Ses01M_script02_1_M040,exc
1539,Ses01M_script02_1,Ses01M_script02_1_M041,exc
1540,Ses01M_script02_1,Ses01M_script02_1_M042,exc
1541,Ses01M_script02_1,Ses01M_script02_1_M043,exc
1542,Ses01M_script02_1,Ses01M_script02_1_M044,exc
1543,Ses01M_script02_1,Ses01M_script02_1_M045,exc
1544,Ses01M_script02_1,Ses01M_script02_1_M046,exc
1545,Ses01M_script02_2,Ses01M_script02_2_F000,neu
1546,Ses01M_script02_2,Ses01M_script02_2_F001,xxx
1547,Ses01M_script02_2,Ses01M_script02_2_F002,fru
1548,Ses01M_script02_2,Ses01M_script02_2_F003,fru
1549,Ses01M_script02_2,Ses01M_script02_2_F004,xxx
1550,Ses01M_script02_2,Ses01M_script02_2_F005,fru
1551,Ses01M_script02_2,Ses01M_script02_2_F006,fru
1552,Ses01M_script02_2,Ses01M_script02_2_F007,fru
1553,Ses01M_script02_2,Ses01M_script02_2_F008,fru
1554,Ses01M_script02_2,Ses01M_script02_2_F009,fru
1555,Ses01M_script02_2,Ses01M_script02_2_F010,ang
1556,Ses01M_script02_2,Ses01M_script02_2_F011,ang
1557,Ses01M_script02_2,Ses01M_script02_2_F012,fru
1558,Ses01M_script02_2,Ses01M_script02_2_F013,ang
1559,Ses01M_script02_2,Ses01M_script02_2_F014,ang
1560,Ses01M_script02_2,Ses01M_script02_2_F015,ang
1561,Ses01M_script02_2,Ses01M_script02_2_F016,ang
1562,Ses01M_script02_2,Ses01M_script02_2_F017,fru
1563,Ses01M_script02_2,Ses01M_script02_2_F018,xxx
1564,Ses01M_script02_2,Ses01M_script02_2_F019,neu
1565,Ses01M_script02_2,Ses01M_script02_2_F020,xxx
1566,Ses01M_script02_2,Ses01M_script02_2_F021,xxx
1567,Ses01M_script02_2,Ses01M_script02_2_F022,sad
1568,Ses01M_script02_2,Ses01M_script02_2_F023,xxx
1569,Ses01M_script02_2,Ses01M_script02_2_F024,sad
1570,Ses01M_script02_2,Ses01M_script02_2_F025,sad
1571,Ses01M_script02_2,Ses01M_script02_2_F026,sad
1572,Ses01M_script02_2,Ses01M_script02_2_F027,xxx
1573,Ses01M_script02_2,Ses01M_script02_2_F028,fru
1574,Ses01M_script02_2,Ses01M_script02_2_F029,fru
1575,Ses01M_script02_2,Ses01M_script02_2_F030,ang
1576,Ses01M_script02_2,Ses01M_script02_2_F031,ang
1577,Ses01M_script02_2,Ses01M_script02_2_F032,ang
1578,Ses01M_script02_2,Ses01M_script02_2_F033,sad
1579,Ses01M_script02_2,Ses01M_script02_2_F034,sad
1580,Ses01M_script02_2,Ses01M_script02_2_F035,sad
1581,Ses01M_script02_2,Ses01M_script02_2_F036,sad
1582,Ses01M_script02_2,Ses01M_script02_2_F037,sad
1583,Ses01M_script02_2,Ses01M_script02_2_F038,sur
1584,Ses01M_script02_2,Ses01M_script02_2_F039,sur
1585,Ses01M_script02_2,Ses01M_script02_2_F040,sad
1586,Ses01M_script02_2,Ses01M_script02_2_F041,xxx
1587,Ses01M_script02_2,Ses01M_script02_2_F042,xxx
1588,Ses01M_script02_2,Ses01M_script02_2_F043,xxx
1589,Ses01M_script02_2,Ses01M_script02_2_F044,hap
1590,Ses01M_script02_2,Ses01M_script02_2_F045,hap
1591,Ses01M_script02_2,Ses01M_script02_2_F046,sad
1592,Ses01M_script02_2,Ses01M_script02_2_F047,neu
1593,Ses01M_script02_2,Ses01M_script02_2_M000,xxx
1594,Ses01M_script02_2,Ses01M_script02_2_M001,exc
1595,Ses01M_script02_2,Ses01M_script02_2_M002,exc
1596,Ses01M_script02_2,Ses01M_script02_2_M003,exc
1597,Ses01M_script02_2,Ses01M_script02_2_M004,xxx
1598,Ses01M_script02_2,Ses01M_script02_2_M005,xxx
1599,Ses01M_script02_2,Ses01M_script02_2_M006,fru
1600,Ses01M_script02_2,Ses01M_script02_2_M007,xxx
1601,Ses01M_script02_2,Ses01M_script02_2_M008,neu
1602,Ses01M_script02_2,Ses01M_script02_2_M009,xxx
1603,Ses01M_script02_2,Ses01M_script02_2_M010,fru
1604,Ses01M_script02_2,Ses01M_script02_2_M011,xxx
1605,Ses01M_script02_2,Ses01M_script02_2_M012,fru
1606,Ses01M_script02_2,Ses01M_script02_2_M013,neu
1607,Ses01M_script02_2,Ses01M_script02_2_M014,fru
1608,Ses01M_script02_2,Ses01M_script02_2_M015,fru
1609,Ses01M_script02_2,Ses01M_script02_2_M016,fru
1610,Ses01M_script02_2,Ses01M_script02_2_M017,fru
1611,Ses01M_script02_2,Ses01M_script02_2_M018,fru
1612,Ses01M_script02_2,Ses01M_script02_2_M019,neu
1613,Ses01M_script02_2,Ses01M_script02_2_M020,neu
1614,Ses01M_script02_2,Ses01M_script02_2_M021,neu
1615,Ses01M_script02_2,Ses01M_script02_2_M022,neu
1616,Ses01M_script02_2,Ses01M_script02_2_M023,neu
1617,Ses01M_script02_2,Ses01M_script02_2_M024,xxx
1618,Ses01M_script02_2,Ses01M_script02_2_M025,neu
1619,Ses01M_script02_2,Ses01M_script02_2_M026,xxx
1620,Ses01M_script02_2,Ses01M_script02_2_M027,neu
1621,Ses01M_script02_2,Ses01M_script02_2_M028,neu
1622,Ses01M_script02_2,Ses01M_script02_2_M029,neu
1623,Ses01M_script02_2,Ses01M_script02_2_M030,neu
1624,Ses01M_script02_2,Ses01M_script02_2_M031,fru
1625,Ses01M_script02_2,Ses01M_script02_2_M032,fru
1626,Ses01M_script02_2,Ses01M_script02_2_M033,ang
1627,Ses01M_script02_2,Ses01M_script02_2_M034,fru
1628,Ses01M_script02_2,Ses01M_script02_2_M035,ang
1629,Ses01M_script02_2,Ses01M_script02_2_M036,xxx
1630,Ses01M_script02_2,Ses01M_script02_2_M037,sad
1631,Ses01M_script02_2,Ses01M_script02_2_M038,sad
1632,Ses01M_script02_2,Ses01M_script02_2_M039,neu
1633,Ses01M_script02_2,Ses01M_script02_2_M040,neu
1634,Ses01M_script02_2,Ses01M_script02_2_M041,sad
1635,Ses01M_script02_2,Ses01M_script02_2_M042,sad
1636,Ses01M_script02_2,Ses01M_script02_2_M043,sad
1637,Ses01M_script02_2,Ses01M_script02_2_M044,sad
1638,Ses01M_script02_2,Ses01M_script02_2_M045,sad
1639,Ses01M_script02_2,Ses01M_script02_2_M046,xxx
1640,Ses01M_script02_2,Ses01M_script02_2_M047,xxx
1641,Ses01M_script02_2,Ses01M_script02_2_M048,xxx
1642,Ses01M_script02_2,Ses01M_script02_2_M049,hap
1643,Ses01M_script02_2,Ses01M_script02_2_M050,neu
1644,Ses01M_script02_2,Ses01M_script02_2_M051,neu
1645,Ses01M_script02_2,Ses01M_script02_2_M052,hap
1646,Ses01M_script02_2,Ses01M_script02_2_M053,hap
1647,Ses01M_script02_2,Ses01M_script02_2_M054,neu
1648,Ses01M_script03_1,Ses01M_script03_1_F000,xxx
1649,Ses01M_script03_1,Ses01M_script03_1_F001,fea
1650,Ses01M_script03_1,Ses01M_script03_1_F002,fea
1651,Ses01M_script03_1,Ses01M_script03_1_F003,hap
1652,Ses01M_script03_1,Ses01M_script03_1_F004,hap
1653,Ses01M_script03_1,Ses01M_script03_1_F005,xxx
1654,Ses01M_script03_1,Ses01M_script03_1_F006,xxx
1655,Ses01M_script03_1,Ses01M_script03_1_F007,exc
1656,Ses01M_script03_1,Ses01M_script03_1_F008,hap
1657,Ses01M_script03_1,Ses01M_script03_1_F009,hap
1658,Ses01M_script03_1,Ses01M_script03_1_F010,hap
1659,Ses01M_script03_1,Ses01M_script03_1_F011,hap
1660,Ses01M_script03_1,Ses01M_script03_1_F012,xxx
1661,Ses01M_script03_1,Ses01M_script03_1_F013,xxx
1662,Ses01M_script03_1,Ses01M_script03_1_F014,hap
1663,Ses01M_script03_1,Ses01M_script03_1_F015,hap
1664,Ses01M_script03_1,Ses01M_script03_1_F016,xxx
1665,Ses01M_script03_1,Ses01M_script03_1_F017,hap
1666,Ses01M_script03_1,Ses01M_script03_1_F018,hap
1667,Ses01M_script03_1,Ses01M_script03_1_F019,hap
1668,Ses01M_script03_1,Ses01M_script03_1_F020,xxx
1669,Ses01M_script03_1,Ses01M_script03_1_F021,hap
1670,Ses01M_script03_1,Ses01M_script03_1_F022,xxx
1671,Ses01M_script03_1,Ses01M_script03_1_F023,xxx
1672,Ses01M_script03_1,Ses01M_script03_1_F024,hap
1673,Ses01M_script03_1,Ses01M_script03_1_F025,xxx
1674,Ses01M_script03_1,Ses01M_script03_1_F026,xxx
1675,Ses01M_script03_1,Ses01M_script03_1_F027,xxx
1676,Ses01M_script03_1,Ses01M_script03_1_F028,xxx
1677,Ses01M_script03_1,Ses01M_script03_1_F029,xxx
1678,Ses01M_script03_1,Ses01M_script03_1_F030,hap
1679,Ses01M_script03_1,Ses01M_script03_1_F031,exc
1680,Ses01M_script03_1,Ses01M_script03_1_F032,xxx
1681,Ses01M_script03_1,Ses01M_script03_1_F033,xxx
1682,Ses01M_script03_1,Ses01M_script03_1_F034,hap
1683,Ses01M_script03_1,Ses01M_script03_1_F035,xxx
1684,Ses01M_script03_1,Ses01M_script03_1_F036,hap
1685,Ses01M_script03_1,Ses01M_script03_1_F037,hap
1686,Ses01M_script03_1,Ses01M_script03_1_F038,hap
1687,Ses01M_script03_1,Ses01M_script03_1_F039,hap
1688,Ses01M_script03_1,Ses01M_script03_1_F040,hap
1689,Ses01M_script03_1,Ses01M_script03_1_F041,exc
1690,Ses01M_script03_1,Ses01M_script03_1_M000,fea
1691,Ses01M_script03_1,Ses01M_script03_1_M001,fea
1692,Ses01M_script03_1,Ses01M_script03_1_M002,xxx
1693,Ses01M_script03_1,Ses01M_script03_1_M003,fea
1694,Ses01M_script03_1,Ses01M_script03_1_M004,hap
1695,Ses01M_script03_1,Ses01M_script03_1_M005,xxx
1696,Ses01M_script03_1,Ses01M_script03_1_M006,xxx
1697,Ses01M_script03_1,Ses01M_script03_1_M007,xxx
1698,Ses01M_script03_1,Ses01M_script03_1_M008,xxx
1699,Ses01M_script03_1,Ses01M_script03_1_M009,xxx
1700,Ses01M_script03_1,Ses01M_script03_1_M010,hap
1701,Ses01M_script03_1,Ses01M_script03_1_M011,hap
1702,Ses01M_script03_1,Ses01M_script03_1_M012,hap
1703,Ses01M_script03_1,Ses01M_script03_1_M013,hap
1704,Ses01M_script03_1,Ses01M_script03_1_M014,sad
1705,Ses01M_script03_1,Ses01M_script03_1_M015,xxx
1706,Ses01M_script03_1,Ses01M_script03_1_M016,hap
1707,Ses01M_script03_1,Ses01M_script03_1_M017,hap
1708,Ses01M_script03_1,Ses01M_script03_1_M018,xxx
1709,Ses01M_script03_1,Ses01M_script03_1_M019,hap
1710,Ses01M_script03_1,Ses01M_script03_1_M020,xxx
1711,Ses01M_script03_1,Ses01M_script03_1_M021,hap
1712,Ses01M_script03_1,Ses01M_script03_1_M022,hap
1713,Ses01M_script03_1,Ses01M_script03_1_M023,xxx
1714,Ses01M_script03_1,Ses01M_script03_1_M024,xxx
1715,Ses01M_script03_1,Ses01M_script03_1_M025,xxx
1716,Ses01M_script03_1,Ses01M_script03_1_M026,xxx
1717,Ses01M_script03_1,Ses01M_script03_1_M027,xxx
1718,Ses01M_script03_1,Ses01M_script03_1_M028,exc
1719,Ses01M_script03_1,Ses01M_script03_1_M029,exc
1720,Ses01M_script03_1,Ses01M_script03_1_M030,hap
1721,Ses01M_script03_1,Ses01M_script03_1_M031,hap
1722,Ses01M_script03_1,Ses01M_script03_1_M032,xxx
1723,Ses01M_script03_1,Ses01M_script03_1_M033,hap
1724,Ses01M_script03_1,Ses01M_script03_1_M034,xxx
1725,Ses01M_script03_1,Ses01M_script03_1_M035,xxx
1726,Ses01M_script03_1,Ses01M_script03_1_M036,xxx
1727,Ses01M_script03_1,Ses01M_script03_1_M037,exc
1728,Ses01M_script03_1,Ses01M_script03_1_M038,xxx
1729,Ses01M_script03_1,Ses01M_script03_1_M039,hap
1730,Ses01M_script03_1,Ses01M_script03_1_M040,hap
1731,Ses01M_script03_1,Ses01M_script03_1_M041,hap
1732,Ses01M_script03_1,Ses01M_script03_1_M042,xxx
1733,Ses01M_script03_2,Ses01M_script03_2_F000,xxx
1734,Ses01M_script03_2,Ses01M_script03_2_F001,xxx
1735,Ses01M_script03_2,Ses01M_script03_2_F002,xxx
1736,Ses01M_script03_2,Ses01M_script03_2_F003,sur
1737,Ses01M_script03_2,Ses01M_script03_2_F004,xxx
1738,Ses01M_script03_2,Ses01M_script03_2_F005,xxx
1739,Ses01M_script03_2,Ses01M_script03_2_F006,neu
1740,Ses01M_script03_2,Ses01M_script03_2_F007,xxx
1741,Ses01M_script03_2,Ses01M_script03_2_F008,xxx
1742,Ses01M_script03_2,Ses01M_script03_2_F009,xxx
1743,Ses01M_script03_2,Ses01M_script03_2_F010,neu
1744,Ses01M_script03_2,Ses01M_script03_2_F011,ang
1745,Ses01M_script03_2,Ses01M_script03_2_F012,xxx
1746,Ses01M_script03_2,Ses01M_script03_2_F013,xxx
1747,Ses01M_script03_2,Ses01M_script03_2_F014,xxx
1748,Ses01M_script03_2,Ses01M_script03_2_F015,ang
1749,Ses01M_script03_2,Ses01M_script03_2_F016,xxx
1750,Ses01M_script03_2,Ses01M_script03_2_F017,ang
1751,Ses01M_script03_2,Ses01M_script03_2_F018,xxx
1752,Ses01M_script03_2,Ses01M_script03_2_F019,xxx
1753,Ses01M_script03_2,Ses01M_script03_2_F020,xxx
1754,Ses01M_script03_2,Ses01M_script03_2_F021,xxx
1755,Ses01M_script03_2,Ses01M_script03_2_F022,ang
1756,Ses01M_script03_2,Ses01M_script03_2_F023,ang
1757,Ses01M_script03_2,Ses01M_script03_2_F024,ang
1758,Ses01M_script03_2,Ses01M_script03_2_F025,ang
1759,Ses01M_script03_2,Ses01M_script03_2_F026,ang
1760,Ses01M_script03_2,Ses01M_script03_2_F027,ang
1761,Ses01M_script03_2,Ses01M_script03_2_F028,ang
1762,Ses01M_script03_2,Ses01M_script03_2_F029,ang
1763,Ses01M_script03_2,Ses01M_script03_2_F030,ang
1764,Ses01M_script03_2,Ses01M_script03_2_F031,ang
1765,Ses01M_script03_2,Ses01M_script03_2_F032,xxx
1766,Ses01M_script03_2,Ses01M_script03_2_F033,ang
1767,Ses01M_script03_2,Ses01M_script03_2_F034,ang
1768,Ses01M_script03_2,Ses01M_script03_2_F035,ang
1769,Ses01M_script03_2,Ses01M_script03_2_F036,ang
1770,Ses01M_script03_2,Ses01M_script03_2_F037,ang
1771,Ses01M_script03_2,Ses01M_script03_2_F038,ang
1772,Ses01M_script03_2,Ses01M_script03_2_F039,ang
1773,Ses01M_script03_2,Ses01M_script03_2_F040,ang
1774,Ses01M_script03_2,Ses01M_script03_2_F041,ang
1775,Ses01M_script03_2,Ses01M_script03_2_M000,xxx
1776,Ses01M_script03_2,Ses01M_script03_2_M001,xxx
1777,Ses01M_script03_2,Ses01M_script03_2_M002,xxx
1778,Ses01M_script03_2,Ses01M_script03_2_M003,xxx
1779,Ses01M_script03_2,Ses01M_script03_2_M004,xxx
1780,Ses01M_script03_2,Ses01M_script03_2_M005,xxx
1781,Ses01M_script03_2,Ses01M_script03_2_M006,xxx
1782,Ses01M_script03_2,Ses01M_script03_2_M007,xxx
1783,Ses01M_script03_2,Ses01M_script03_2_M008,xxx
1784,Ses01M_script03_2,Ses01M_script03_2_M009,xxx
1785,Ses01M_script03_2,Ses01M_script03_2_M010,xxx
1786,Ses01M_script03_2,Ses01M_script03_2_M011,xxx
1787,Ses01M_script03_2,Ses01M_script03_2_M012,neu
1788,Ses01M_script03_2,Ses01M_script03_2_M013,neu
1789,Ses01M_script03_2,Ses01M_script03_2_M014,xxx
1790,Ses01M_script03_2,Ses01M_script03_2_M015,xxx
1791,Ses01M_script03_2,Ses01M_script03_2_M016,fru
1792,Ses01M_script03_2,Ses01M_script03_2_M017,fru
1793,Ses01M_script03_2,Ses01M_script03_2_M018,neu
1794,Ses01M_script03_2,Ses01M_script03_2_M019,xxx
1795,Ses01M_script03_2,Ses01M_script03_2_M020,xxx
1796,Ses01M_script03_2,Ses01M_script03_2_M021,xxx
1797,Ses01M_script03_2,Ses01M_script03_2_M022,ang
1798,Ses01M_script03_2,Ses01M_script03_2_M023,ang
1799,Ses01M_script03_2,Ses01M_script03_2_M024,ang
1800,Ses01M_script03_2,Ses01M_script03_2_M025,ang
1801,Ses01M_script03_2,Ses01M_script03_2_M026,ang
1802,Ses01M_script03_2,Ses01M_script03_2_M027,ang
1803,Ses01M_script03_2,Ses01M_script03_2_M028,ang
1804,Ses01M_script03_2,Ses01M_script03_2_M029,ang
1805,Ses01M_script03_2,Ses01M_script03_2_M030,ang
1806,Ses01M_script03_2,Ses01M_script03_2_M031,ang
1807,Ses01M_script03_2,Ses01M_script03_2_M032,ang
1808,Ses01M_script03_2,Ses01M_script03_2_M033,ang
1809,Ses01M_script03_2,Ses01M_script03_2_M034,ang
1810,Ses01M_script03_2,Ses01M_script03_2_M035,ang
1811,Ses01M_script03_2,Ses01M_script03_2_M036,ang
1812,Ses01M_script03_2,Ses01M_script03_2_M037,ang
1813,Ses01M_script03_2,Ses01M_script03_2_M038,ang
1814,Ses01M_script03_2,Ses01M_script03_2_M039,ang
1815,Ses01M_script03_2,Ses01M_script03_2_M040,ang
1816,Ses01M_script03_2,Ses01M_script03_2_M041,ang
1817,Ses01M_script03_2,Ses01M_script03_2_M042,ang
1818,Ses01M_script03_2,Ses01M_script03_2_M043,ang
